"date","iso2","raw_cli","smoothed_cli","raw_ili","smoothed_ili","raw_wcli","smoothed_wcli","raw_wili","smoothed_wili","raw_hh_cmnty_cli","smoothed_hh_cmnty_cli","raw_nohh_cmnty_cli","smoothed_nohh_cmnty_cli","smoothed_wearing_mask","smoothed_others_masked","smoothed_travel_outside_state_5d","smoothed_work_outside_home_1d","smoothed_shop_1d","smoothed_restaurant_1d","smoothed_spent_time_1d","smoothed_large_event_1d","smoothed_public_transit_1d","smoothed_tested_14d","smoothed_tested_positive_14d","smoothed_wanted_test_14d","smoothed_anxious_5d","smoothed_depressed_5d","smoothed_felt_isolated_5d","smoothed_worried_become_ill","smoothed_worried_finances"
2020-01-01,"US_IN",NA,NA,NA,NA,NA,NA,NA,NA,NA,NA,NA,NA,NA,NA,NA,NA,NA,NA,NA,NA,NA,NA,NA,NA,NA,NA,NA,NA,NA
2020-01-02,"US_IN",NA,NA,NA,NA,NA,NA,NA,NA,NA,NA,NA,NA,NA,NA,NA,NA,NA,NA,NA,NA,NA,NA,NA,NA,NA,NA,NA,NA,NA
2020-01-03,"US_IN",NA,NA,NA,NA,NA,NA,NA,NA,NA,NA,NA,NA,NA,NA,NA,NA,NA,NA,NA,NA,NA,NA,NA,NA,NA,NA,NA,NA,NA
2020-01-04,"US_IN",NA,NA,NA,NA,NA,NA,NA,NA,NA,NA,NA,NA,NA,NA,NA,NA,NA,NA,NA,NA,NA,NA,NA,NA,NA,NA,NA,NA,NA
2020-01-05,"US_IN",NA,NA,NA,NA,NA,NA,NA,NA,NA,NA,NA,NA,NA,NA,NA,NA,NA,NA,NA,NA,NA,NA,NA,NA,NA,NA,NA,NA,NA
2020-01-06,"US_IN",NA,NA,NA,NA,NA,NA,NA,NA,NA,NA,NA,NA,NA,NA,NA,NA,NA,NA,NA,NA,NA,NA,NA,NA,NA,NA,NA,NA,NA
2020-01-07,"US_IN",NA,NA,NA,NA,NA,NA,NA,NA,NA,NA,NA,NA,NA,NA,NA,NA,NA,NA,NA,NA,NA,NA,NA,NA,NA,NA,NA,NA,NA
2020-01-08,"US_IN",NA,NA,NA,NA,NA,NA,NA,NA,NA,NA,NA,NA,NA,NA,NA,NA,NA,NA,NA,NA,NA,NA,NA,NA,NA,NA,NA,NA,NA
2020-01-09,"US_IN",NA,NA,NA,NA,NA,NA,NA,NA,NA,NA,NA,NA,NA,NA,NA,NA,NA,NA,NA,NA,NA,NA,NA,NA,NA,NA,NA,NA,NA
2020-01-10,"US_IN",NA,NA,NA,NA,NA,NA,NA,NA,NA,NA,NA,NA,NA,NA,NA,NA,NA,NA,NA,NA,NA,NA,NA,NA,NA,NA,NA,NA,NA
2020-01-11,"US_IN",NA,NA,NA,NA,NA,NA,NA,NA,NA,NA,NA,NA,NA,NA,NA,NA,NA,NA,NA,NA,NA,NA,NA,NA,NA,NA,NA,NA,NA
2020-01-12,"US_IN",NA,NA,NA,NA,NA,NA,NA,NA,NA,NA,NA,NA,NA,NA,NA,NA,NA,NA,NA,NA,NA,NA,NA,NA,NA,NA,NA,NA,NA
2020-01-13,"US_IN",NA,NA,NA,NA,NA,NA,NA,NA,NA,NA,NA,NA,NA,NA,NA,NA,NA,NA,NA,NA,NA,NA,NA,NA,NA,NA,NA,NA,NA
2020-01-14,"US_IN",NA,NA,NA,NA,NA,NA,NA,NA,NA,NA,NA,NA,NA,NA,NA,NA,NA,NA,NA,NA,NA,NA,NA,NA,NA,NA,NA,NA,NA
2020-01-15,"US_IN",NA,NA,NA,NA,NA,NA,NA,NA,NA,NA,NA,NA,NA,NA,NA,NA,NA,NA,NA,NA,NA,NA,NA,NA,NA,NA,NA,NA,NA
2020-01-16,"US_IN",NA,NA,NA,NA,NA,NA,NA,NA,NA,NA,NA,NA,NA,NA,NA,NA,NA,NA,NA,NA,NA,NA,NA,NA,NA,NA,NA,NA,NA
2020-01-17,"US_IN",NA,NA,NA,NA,NA,NA,NA,NA,NA,NA,NA,NA,NA,NA,NA,NA,NA,NA,NA,NA,NA,NA,NA,NA,NA,NA,NA,NA,NA
2020-01-18,"US_IN",NA,NA,NA,NA,NA,NA,NA,NA,NA,NA,NA,NA,NA,NA,NA,NA,NA,NA,NA,NA,NA,NA,NA,NA,NA,NA,NA,NA,NA
2020-01-19,"US_IN",NA,NA,NA,NA,NA,NA,NA,NA,NA,NA,NA,NA,NA,NA,NA,NA,NA,NA,NA,NA,NA,NA,NA,NA,NA,NA,NA,NA,NA
2020-01-20,"US_IN",NA,NA,NA,NA,NA,NA,NA,NA,NA,NA,NA,NA,NA,NA,NA,NA,NA,NA,NA,NA,NA,NA,NA,NA,NA,NA,NA,NA,NA
2020-01-21,"US_IN",NA,NA,NA,NA,NA,NA,NA,NA,NA,NA,NA,NA,NA,NA,NA,NA,NA,NA,NA,NA,NA,NA,NA,NA,NA,NA,NA,NA,NA
2020-01-22,"US_IN",NA,NA,NA,NA,NA,NA,NA,NA,NA,NA,NA,NA,NA,NA,NA,NA,NA,NA,NA,NA,NA,NA,NA,NA,NA,NA,NA,NA,NA
2020-01-23,"US_IN",NA,NA,NA,NA,NA,NA,NA,NA,NA,NA,NA,NA,NA,NA,NA,NA,NA,NA,NA,NA,NA,NA,NA,NA,NA,NA,NA,NA,NA
2020-01-24,"US_IN",NA,NA,NA,NA,NA,NA,NA,NA,NA,NA,NA,NA,NA,NA,NA,NA,NA,NA,NA,NA,NA,NA,NA,NA,NA,NA,NA,NA,NA
2020-01-25,"US_IN",NA,NA,NA,NA,NA,NA,NA,NA,NA,NA,NA,NA,NA,NA,NA,NA,NA,NA,NA,NA,NA,NA,NA,NA,NA,NA,NA,NA,NA
2020-01-26,"US_IN",NA,NA,NA,NA,NA,NA,NA,NA,NA,NA,NA,NA,NA,NA,NA,NA,NA,NA,NA,NA,NA,NA,NA,NA,NA,NA,NA,NA,NA
2020-01-27,"US_IN",NA,NA,NA,NA,NA,NA,NA,NA,NA,NA,NA,NA,NA,NA,NA,NA,NA,NA,NA,NA,NA,NA,NA,NA,NA,NA,NA,NA,NA
2020-01-28,"US_IN",NA,NA,NA,NA,NA,NA,NA,NA,NA,NA,NA,NA,NA,NA,NA,NA,NA,NA,NA,NA,NA,NA,NA,NA,NA,NA,NA,NA,NA
2020-01-29,"US_IN",NA,NA,NA,NA,NA,NA,NA,NA,NA,NA,NA,NA,NA,NA,NA,NA,NA,NA,NA,NA,NA,NA,NA,NA,NA,NA,NA,NA,NA
2020-01-30,"US_IN",NA,NA,NA,NA,NA,NA,NA,NA,NA,NA,NA,NA,NA,NA,NA,NA,NA,NA,NA,NA,NA,NA,NA,NA,NA,NA,NA,NA,NA
2020-01-31,"US_IN",NA,NA,NA,NA,NA,NA,NA,NA,NA,NA,NA,NA,NA,NA,NA,NA,NA,NA,NA,NA,NA,NA,NA,NA,NA,NA,NA,NA,NA
2020-02-01,"US_IN",NA,NA,NA,NA,NA,NA,NA,NA,NA,NA,NA,NA,NA,NA,NA,NA,NA,NA,NA,NA,NA,NA,NA,NA,NA,NA,NA,NA,NA
2020-02-02,"US_IN",NA,NA,NA,NA,NA,NA,NA,NA,NA,NA,NA,NA,NA,NA,NA,NA,NA,NA,NA,NA,NA,NA,NA,NA,NA,NA,NA,NA,NA
2020-02-03,"US_IN",NA,NA,NA,NA,NA,NA,NA,NA,NA,NA,NA,NA,NA,NA,NA,NA,NA,NA,NA,NA,NA,NA,NA,NA,NA,NA,NA,NA,NA
2020-02-04,"US_IN",NA,NA,NA,NA,NA,NA,NA,NA,NA,NA,NA,NA,NA,NA,NA,NA,NA,NA,NA,NA,NA,NA,NA,NA,NA,NA,NA,NA,NA
2020-02-05,"US_IN",NA,NA,NA,NA,NA,NA,NA,NA,NA,NA,NA,NA,NA,NA,NA,NA,NA,NA,NA,NA,NA,NA,NA,NA,NA,NA,NA,NA,NA
2020-02-06,"US_IN",NA,NA,NA,NA,NA,NA,NA,NA,NA,NA,NA,NA,NA,NA,NA,NA,NA,NA,NA,NA,NA,NA,NA,NA,NA,NA,NA,NA,NA
2020-02-07,"US_IN",NA,NA,NA,NA,NA,NA,NA,NA,NA,NA,NA,NA,NA,NA,NA,NA,NA,NA,NA,NA,NA,NA,NA,NA,NA,NA,NA,NA,NA
2020-02-08,"US_IN",NA,NA,NA,NA,NA,NA,NA,NA,NA,NA,NA,NA,NA,NA,NA,NA,NA,NA,NA,NA,NA,NA,NA,NA,NA,NA,NA,NA,NA
2020-02-09,"US_IN",NA,NA,NA,NA,NA,NA,NA,NA,NA,NA,NA,NA,NA,NA,NA,NA,NA,NA,NA,NA,NA,NA,NA,NA,NA,NA,NA,NA,NA
2020-02-10,"US_IN",NA,NA,NA,NA,NA,NA,NA,NA,NA,NA,NA,NA,NA,NA,NA,NA,NA,NA,NA,NA,NA,NA,NA,NA,NA,NA,NA,NA,NA
2020-02-11,"US_IN",NA,NA,NA,NA,NA,NA,NA,NA,NA,NA,NA,NA,NA,NA,NA,NA,NA,NA,NA,NA,NA,NA,NA,NA,NA,NA,NA,NA,NA
2020-02-12,"US_IN",NA,NA,NA,NA,NA,NA,NA,NA,NA,NA,NA,NA,NA,NA,NA,NA,NA,NA,NA,NA,NA,NA,NA,NA,NA,NA,NA,NA,NA
2020-02-13,"US_IN",NA,NA,NA,NA,NA,NA,NA,NA,NA,NA,NA,NA,NA,NA,NA,NA,NA,NA,NA,NA,NA,NA,NA,NA,NA,NA,NA,NA,NA
2020-02-14,"US_IN",NA,NA,NA,NA,NA,NA,NA,NA,NA,NA,NA,NA,NA,NA,NA,NA,NA,NA,NA,NA,NA,NA,NA,NA,NA,NA,NA,NA,NA
2020-02-15,"US_IN",NA,NA,NA,NA,NA,NA,NA,NA,NA,NA,NA,NA,NA,NA,NA,NA,NA,NA,NA,NA,NA,NA,NA,NA,NA,NA,NA,NA,NA
2020-02-16,"US_IN",NA,NA,NA,NA,NA,NA,NA,NA,NA,NA,NA,NA,NA,NA,NA,NA,NA,NA,NA,NA,NA,NA,NA,NA,NA,NA,NA,NA,NA
2020-02-17,"US_IN",NA,NA,NA,NA,NA,NA,NA,NA,NA,NA,NA,NA,NA,NA,NA,NA,NA,NA,NA,NA,NA,NA,NA,NA,NA,NA,NA,NA,NA
2020-02-18,"US_IN",NA,NA,NA,NA,NA,NA,NA,NA,NA,NA,NA,NA,NA,NA,NA,NA,NA,NA,NA,NA,NA,NA,NA,NA,NA,NA,NA,NA,NA
2020-02-19,"US_IN",NA,NA,NA,NA,NA,NA,NA,NA,NA,NA,NA,NA,NA,NA,NA,NA,NA,NA,NA,NA,NA,NA,NA,NA,NA,NA,NA,NA,NA
2020-02-20,"US_IN",NA,NA,NA,NA,NA,NA,NA,NA,NA,NA,NA,NA,NA,NA,NA,NA,NA,NA,NA,NA,NA,NA,NA,NA,NA,NA,NA,NA,NA
2020-02-21,"US_IN",NA,NA,NA,NA,NA,NA,NA,NA,NA,NA,NA,NA,NA,NA,NA,NA,NA,NA,NA,NA,NA,NA,NA,NA,NA,NA,NA,NA,NA
2020-02-22,"US_IN",NA,NA,NA,NA,NA,NA,NA,NA,NA,NA,NA,NA,NA,NA,NA,NA,NA,NA,NA,NA,NA,NA,NA,NA,NA,NA,NA,NA,NA
2020-02-23,"US_IN",NA,NA,NA,NA,NA,NA,NA,NA,NA,NA,NA,NA,NA,NA,NA,NA,NA,NA,NA,NA,NA,NA,NA,NA,NA,NA,NA,NA,NA
2020-02-24,"US_IN",NA,NA,NA,NA,NA,NA,NA,NA,NA,NA,NA,NA,NA,NA,NA,NA,NA,NA,NA,NA,NA,NA,NA,NA,NA,NA,NA,NA,NA
2020-02-25,"US_IN",NA,NA,NA,NA,NA,NA,NA,NA,NA,NA,NA,NA,NA,NA,NA,NA,NA,NA,NA,NA,NA,NA,NA,NA,NA,NA,NA,NA,NA
2020-02-26,"US_IN",NA,NA,NA,NA,NA,NA,NA,NA,NA,NA,NA,NA,NA,NA,NA,NA,NA,NA,NA,NA,NA,NA,NA,NA,NA,NA,NA,NA,NA
2020-02-27,"US_IN",NA,NA,NA,NA,NA,NA,NA,NA,NA,NA,NA,NA,NA,NA,NA,NA,NA,NA,NA,NA,NA,NA,NA,NA,NA,NA,NA,NA,NA
2020-02-28,"US_IN",NA,NA,NA,NA,NA,NA,NA,NA,NA,NA,NA,NA,NA,NA,NA,NA,NA,NA,NA,NA,NA,NA,NA,NA,NA,NA,NA,NA,NA
2020-02-29,"US_IN",NA,NA,NA,NA,NA,NA,NA,NA,NA,NA,NA,NA,NA,NA,NA,NA,NA,NA,NA,NA,NA,NA,NA,NA,NA,NA,NA,NA,NA
2020-03-01,"US_IN",NA,NA,NA,NA,NA,NA,NA,NA,NA,NA,NA,NA,NA,NA,NA,NA,NA,NA,NA,NA,NA,NA,NA,NA,NA,NA,NA,NA,NA
2020-03-02,"US_IN",NA,NA,NA,NA,NA,NA,NA,NA,NA,NA,NA,NA,NA,NA,NA,NA,NA,NA,NA,NA,NA,NA,NA,NA,NA,NA,NA,NA,NA
2020-03-03,"US_IN",NA,NA,NA,NA,NA,NA,NA,NA,NA,NA,NA,NA,NA,NA,NA,NA,NA,NA,NA,NA,NA,NA,NA,NA,NA,NA,NA,NA,NA
2020-03-04,"US_IN",NA,NA,NA,NA,NA,NA,NA,NA,NA,NA,NA,NA,NA,NA,NA,NA,NA,NA,NA,NA,NA,NA,NA,NA,NA,NA,NA,NA,NA
2020-03-05,"US_IN",NA,NA,NA,NA,NA,NA,NA,NA,NA,NA,NA,NA,NA,NA,NA,NA,NA,NA,NA,NA,NA,NA,NA,NA,NA,NA,NA,NA,NA
2020-03-06,"US_IN",NA,NA,NA,NA,NA,NA,NA,NA,NA,NA,NA,NA,NA,NA,NA,NA,NA,NA,NA,NA,NA,NA,NA,NA,NA,NA,NA,NA,NA
2020-03-07,"US_IN",NA,NA,NA,NA,NA,NA,NA,NA,NA,NA,NA,NA,NA,NA,NA,NA,NA,NA,NA,NA,NA,NA,NA,NA,NA,NA,NA,NA,NA
2020-03-08,"US_IN",NA,NA,NA,NA,NA,NA,NA,NA,NA,NA,NA,NA,NA,NA,NA,NA,NA,NA,NA,NA,NA,NA,NA,NA,NA,NA,NA,NA,NA
2020-03-09,"US_IN",NA,NA,NA,NA,NA,NA,NA,NA,NA,NA,NA,NA,NA,NA,NA,NA,NA,NA,NA,NA,NA,NA,NA,NA,NA,NA,NA,NA,NA
2020-03-10,"US_IN",NA,NA,NA,NA,NA,NA,NA,NA,NA,NA,NA,NA,NA,NA,NA,NA,NA,NA,NA,NA,NA,NA,NA,NA,NA,NA,NA,NA,NA
2020-03-11,"US_IN",NA,NA,NA,NA,NA,NA,NA,NA,NA,NA,NA,NA,NA,NA,NA,NA,NA,NA,NA,NA,NA,NA,NA,NA,NA,NA,NA,NA,NA
2020-03-12,"US_IN",NA,NA,NA,NA,NA,NA,NA,NA,NA,NA,NA,NA,NA,NA,NA,NA,NA,NA,NA,NA,NA,NA,NA,NA,NA,NA,NA,NA,NA
2020-03-13,"US_IN",NA,NA,NA,NA,NA,NA,NA,NA,NA,NA,NA,NA,NA,NA,NA,NA,NA,NA,NA,NA,NA,NA,NA,NA,NA,NA,NA,NA,NA
2020-03-14,"US_IN",NA,NA,NA,NA,NA,NA,NA,NA,NA,NA,NA,NA,NA,NA,NA,NA,NA,NA,NA,NA,NA,NA,NA,NA,NA,NA,NA,NA,NA
2020-03-15,"US_IN",NA,NA,NA,NA,NA,NA,NA,NA,NA,NA,NA,NA,NA,NA,NA,NA,NA,NA,NA,NA,NA,NA,NA,NA,NA,NA,NA,NA,NA
2020-03-16,"US_IN",NA,NA,NA,NA,NA,NA,NA,NA,NA,NA,NA,NA,NA,NA,NA,NA,NA,NA,NA,NA,NA,NA,NA,NA,NA,NA,NA,NA,NA
2020-03-17,"US_IN",NA,NA,NA,NA,NA,NA,NA,NA,NA,NA,NA,NA,NA,NA,NA,NA,NA,NA,NA,NA,NA,NA,NA,NA,NA,NA,NA,NA,NA
2020-03-18,"US_IN",NA,NA,NA,NA,NA,NA,NA,NA,NA,NA,NA,NA,NA,NA,NA,NA,NA,NA,NA,NA,NA,NA,NA,NA,NA,NA,NA,NA,NA
2020-03-19,"US_IN",NA,NA,NA,NA,NA,NA,NA,NA,NA,NA,NA,NA,NA,NA,NA,NA,NA,NA,NA,NA,NA,NA,NA,NA,NA,NA,NA,NA,NA
2020-03-20,"US_IN",NA,NA,NA,NA,NA,NA,NA,NA,NA,NA,NA,NA,NA,NA,NA,NA,NA,NA,NA,NA,NA,NA,NA,NA,NA,NA,NA,NA,NA
2020-03-21,"US_IN",NA,NA,NA,NA,NA,NA,NA,NA,NA,NA,NA,NA,NA,NA,NA,NA,NA,NA,NA,NA,NA,NA,NA,NA,NA,NA,NA,NA,NA
2020-03-22,"US_IN",NA,NA,NA,NA,NA,NA,NA,NA,NA,NA,NA,NA,NA,NA,NA,NA,NA,NA,NA,NA,NA,NA,NA,NA,NA,NA,NA,NA,NA
2020-03-23,"US_IN",NA,NA,NA,NA,NA,NA,NA,NA,NA,NA,NA,NA,NA,NA,NA,NA,NA,NA,NA,NA,NA,NA,NA,NA,NA,NA,NA,NA,NA
2020-03-24,"US_IN",NA,NA,NA,NA,NA,NA,NA,NA,NA,NA,NA,NA,NA,NA,NA,NA,NA,NA,NA,NA,NA,NA,NA,NA,NA,NA,NA,NA,NA
2020-03-25,"US_IN",NA,NA,NA,NA,NA,NA,NA,NA,NA,NA,NA,NA,NA,NA,NA,NA,NA,NA,NA,NA,NA,NA,NA,NA,NA,NA,NA,NA,NA
2020-03-26,"US_IN",NA,NA,NA,NA,NA,NA,NA,NA,NA,NA,NA,NA,NA,NA,NA,NA,NA,NA,NA,NA,NA,NA,NA,NA,NA,NA,NA,NA,NA
2020-03-27,"US_IN",NA,NA,NA,NA,NA,NA,NA,NA,NA,NA,NA,NA,NA,NA,NA,NA,NA,NA,NA,NA,NA,NA,NA,NA,NA,NA,NA,NA,NA
2020-03-28,"US_IN",NA,NA,NA,NA,NA,NA,NA,NA,NA,NA,NA,NA,NA,NA,NA,NA,NA,NA,NA,NA,NA,NA,NA,NA,NA,NA,NA,NA,NA
2020-03-29,"US_IN",NA,NA,NA,NA,NA,NA,NA,NA,NA,NA,NA,NA,NA,NA,NA,NA,NA,NA,NA,NA,NA,NA,NA,NA,NA,NA,NA,NA,NA
2020-03-30,"US_IN",NA,NA,NA,NA,NA,NA,NA,NA,NA,NA,NA,NA,NA,NA,NA,NA,NA,NA,NA,NA,NA,NA,NA,NA,NA,NA,NA,NA,NA
2020-03-31,"US_IN",NA,NA,NA,NA,NA,NA,NA,NA,NA,NA,NA,NA,NA,NA,NA,NA,NA,NA,NA,NA,NA,NA,NA,NA,NA,NA,NA,NA,NA
2020-04-01,"US_IN",NA,NA,NA,NA,NA,NA,NA,NA,NA,NA,NA,NA,NA,NA,NA,NA,NA,NA,NA,NA,NA,NA,NA,NA,NA,NA,NA,NA,NA
2020-04-02,"US_IN",NA,NA,NA,NA,NA,NA,NA,NA,NA,NA,NA,NA,NA,NA,NA,NA,NA,NA,NA,NA,NA,NA,NA,NA,NA,NA,NA,NA,NA
2020-04-03,"US_IN",NA,NA,NA,NA,NA,NA,NA,NA,NA,NA,NA,NA,NA,NA,NA,NA,NA,NA,NA,NA,NA,NA,NA,NA,NA,NA,NA,NA,NA
2020-04-04,"US_IN",NA,NA,NA,NA,NA,NA,NA,NA,NA,NA,NA,NA,NA,NA,NA,NA,NA,NA,NA,NA,NA,NA,NA,NA,NA,NA,NA,NA,NA
2020-04-05,"US_IN",NA,NA,NA,NA,NA,NA,NA,NA,NA,NA,NA,NA,NA,NA,NA,NA,NA,NA,NA,NA,NA,NA,NA,NA,NA,NA,NA,NA,NA
2020-04-06,"US_IN",1.1399092,1.1399092,1.1361949,1.1361949,1.0098896,1.0098896,1.0117897,1.0117897,NA,NA,NA,NA,NA,NA,4.4143491,NA,NA,NA,NA,NA,NA,NA,NA,NA,NA,NA,NA,NA,NA
2020-04-07,"US_IN",1.0339447,1.063059,1.0602207,1.081095,1.1394682,1.0730134,1.1193807,1.0642657,NA,NA,NA,NA,NA,NA,4.3505487,NA,NA,NA,NA,NA,NA,NA,NA,NA,NA,NA,NA,NA,NA
2020-04-08,"US_IN",1.0291662,1.04968,1.1013676,1.0890975,1.0585556,1.0680581,1.1255843,1.0846991,NA,NA,NA,NA,NA,NA,4.4203247,NA,NA,NA,NA,NA,NA,NA,NA,NA,NA,NA,NA,NA,NA
2020-04-09,"US_IN",0.9602944,1.0274351,0.9398067,1.0519443,0.862906,1.0166835,0.8370207,1.0226775,NA,NA,NA,NA,NA,NA,4.373746,NA,NA,NA,NA,NA,NA,NA,NA,NA,NA,NA,NA,NA,NA
2020-04-10,"US_IN",0.8861905,1.0118357,0.922493,1.0376474,0.9432853,1.0023928,0.9335267,1.0051476,NA,NA,NA,NA,NA,NA,4.3843659,NA,NA,NA,NA,NA,NA,NA,NA,NA,NA,NA,NA,NA,NA
2020-04-11,"US_IN",0.977011,1.0109649,1.0459765,1.0378556,0.9195143,0.9869888,0.9698914,0.9973535,NA,NA,NA,NA,NA,NA,4.3841072,NA,NA,NA,NA,NA,NA,NA,NA,NA,NA,NA,NA,NA,NA
2020-04-12,"US_IN",0.3546097,1.0067363,0.4432622,1.034025,0.3936355,0.9128611,0.5091475,0.94376,NA,NA,NA,NA,NA,NA,4.3671993,NA,NA,NA,NA,NA,NA,NA,NA,NA,NA,NA,NA,NA,NA
2020-04-13,"US_IN",0.8198632,0.9746575,0.874303,1.0078809,0.6934576,0.868444,0.7058438,0.900668,NA,NA,NA,NA,NA,NA,4.4106422,NA,NA,NA,NA,NA,NA,NA,NA,NA,NA,NA,NA,NA,NA
2020-04-14,"US_IN",0.898955,0.9451709,0.9197278,0.9796036,0.8915311,0.8327651,0.8999335,0.869167,NA,NA,NA,NA,NA,NA,4.535861,NA,NA,NA,NA,NA,NA,NA,NA,NA,NA,NA,NA,NA,NA
2020-04-15,"US_IN",0.5795566,0.8771887,0.6562778,0.8984184,0.6637485,0.7766302,0.7261947,0.8116948,30.6873687,30.6873687,25.2863995,25.2863995,NA,NA,4.6999354,NA,NA,NA,NA,NA,NA,NA,NA,NA,NA,NA,NA,NA,NA
2020-04-16,"US_IN",0.6286521,0.8059636,0.6606051,0.8504002,0.5375338,0.7295246,0.51192,0.7653896,27.7822116,28.7205591,21.5023905,22.7248379,NA,NA,5.1083723,NA,NA,NA,NA,NA,NA,NA,NA,NA,NA,NA,NA,NA,NA
2020-04-17,"US_IN",0.8263997,0.7815103,0.8668528,0.8282613,0.8235277,0.7114557,0.8480784,0.752315,26.5547411,28.0606579,20.833352,22.1452689,NA,NA,5.2410532,NA,NA,NA,NA,NA,NA,NA,NA,NA,NA,NA,NA,NA,NA
2020-04-18,"US_IN",0.9199383,0.7792556,0.925712,0.8206852,0.8683946,0.7044334,0.8550855,0.7365556,25.8353222,27.5228096,20.823389,21.8215543,NA,NA,5.3486535,NA,NA,NA,NA,NA,NA,NA,NA,NA,NA,NA,NA,NA,NA
2020-04-19,"US_IN",0.4731628,0.755622,0.5427294,0.7990786,0.3505828,0.6911478,0.4378507,0.7132779,24.8573153,26.9028076,20.9599954,21.6165659,NA,NA,5.4399562,NA,NA,NA,NA,NA,NA,NA,NA,NA,NA,NA,NA,NA,NA
2020-04-20,"US_IN",0.7499928,0.735601,0.7658937,0.7725164,0.745582,0.6982957,0.7380336,0.7175319,25.0728645,26.56217,21.2754201,21.5487516,NA,NA,5.668336,NA,NA,NA,NA,NA,NA,NA,NA,NA,NA,NA,NA,NA,NA
2020-04-21,"US_IN",0.9286192,0.7087919,1.0596675,0.7632819,0.9360929,0.7030806,1.0510952,0.7374273,25.8974716,26.4597889,20.0513087,21.3218183,NA,NA,5.886189,NA,NA,NA,NA,NA,NA,NA,NA,NA,NA,NA,NA,NA,NA
2020-04-22,"US_IN",0.6508492,0.7248354,0.6289386,0.7629791,0.6828909,0.7061068,0.6603931,0.7281865,26.209684,26.0546131,20.2957061,20.8167939,NA,NA,5.7874105,NA,NA,NA,NA,NA,NA,NA,NA,NA,NA,NA,NA,NA,NA
2020-04-23,"US_IN",0.5612918,0.7136706,0.535194,0.7417138,0.597897,0.7150186,0.570636,0.7368959,27.4613662,25.9914409,22.253874,20.9452502,NA,NA,5.9518362,NA,NA,NA,NA,NA,NA,NA,NA,NA,NA,NA,NA,NA,NA
2020-04-24,"US_IN",0.8892129,0.7338887,0.8892129,0.7554941,0.8987935,0.7262347,0.8987935,0.7445483,28.9229188,26.4705496,24.001378,21.518374,NA,NA,6.3263829,NA,NA,NA,NA,NA,NA,NA,NA,NA,NA,NA,NA,NA,NA
2020-04-25,"US_IN",0.7596666,0.7205101,0.7902994,0.7455024,0.8154181,0.7189209,0.8378573,0.7423907,23.8193329,26.0042006,20.1003411,21.3040084,NA,NA,6.5285345,NA,NA,NA,NA,NA,NA,NA,NA,NA,NA,NA,NA,NA,NA
2020-04-26,"US_IN",0.5295771,0.7116875,0.543216,0.7293872,0.5119116,0.7402189,0.516443,0.7519887,24.5677632,25.8558799,20.2175261,21.1321605,NA,NA,6.8367693,NA,NA,NA,NA,NA,NA,NA,NA,NA,NA,NA,NA,NA,NA
2020-04-27,"US_IN",0.4023578,0.6580499,0.4127482,0.6747656,0.3760426,0.6873213,0.3963056,0.7030765,24.9042874,25.7854741,20.184913,20.9650933,NA,NA,6.8742561,NA,NA,NA,NA,NA,NA,NA,NA,NA,NA,NA,NA,NA,NA
2020-04-28,"US_IN",0.6032315,0.6239171,0.6164796,0.6296213,0.6673807,0.6499419,0.6747336,0.6507571,25.4885474,25.7237956,20.9825899,21.0518735,NA,NA,7.1712863,NA,NA,NA,NA,NA,NA,NA,NA,NA,NA,NA,NA,NA,NA
2020-04-29,"US_IN",0.8464418,0.6491128,0.7750669,0.6479601,0.9775388,0.6924171,0.8853664,0.6831485,25.9999729,25.7088826,20.5454362,21.0654121,NA,NA,7.2899754,NA,NA,NA,NA,NA,NA,NA,NA,NA,NA,NA,NA,NA,NA
2020-04-30,"US_IN",0.5285826,0.6369852,0.5912687,0.6497393,0.5390133,0.6836235,0.6117724,0.6886181,25.3247018,25.4575407,19.696986,20.6988867,NA,NA,7.34702,NA,NA,NA,NA,NA,NA,NA,NA,NA,NA,NA,NA,NA,NA
2020-05-01,"US_IN",0.5160895,0.5923859,0.5501495,0.6092444,0.4796067,0.62408,0.5042876,0.6325567,24.3403121,24.9087692,19.6180873,20.1739443,NA,NA,7.4119056,NA,NA,NA,NA,NA,NA,NA,NA,NA,NA,NA,NA,NA,NA
2020-05-02,"US_IN",0.4929729,0.5555595,0.5928084,0.5804051,0.5799375,0.5908537,0.638898,0.6043794,24.4964227,25.0195911,19.7482072,20.1332605,NA,NA,7.6326697,NA,NA,NA,NA,NA,NA,NA,NA,NA,NA,NA,NA,NA,NA
2020-05-03,"US_IN",0.6740223,0.5754001,0.7016161,0.6024087,0.7082669,0.619111,0.7177386,0.6333553,23.7339645,24.9216517,19.074961,19.9794035,NA,NA,7.8868016,NA,NA,NA,NA,NA,NA,NA,NA,NA,NA,NA,NA,NA,NA
2020-05-04,"US_IN",0.6048887,0.6038482,0.5716661,0.6252023,0.5053944,0.6373393,0.4614975,0.6424666,22.8969089,24.6546321,18.5549736,19.7607265,NA,NA,8.1219276,NA,NA,NA,NA,NA,NA,NA,NA,NA,NA,NA,NA,NA,NA
2020-05-05,"US_IN",0.3657588,0.5714673,0.3355585,0.5871876,0.5294542,0.6176339,0.4985086,0.6172964,23.0213304,24.2888019,19.4425218,19.5068405,NA,NA,8.115467,NA,NA,NA,NA,NA,NA,NA,NA,NA,NA,NA,NA,NA,NA
2020-05-06,"US_IN",0.7739061,0.5627025,0.7879014,0.5893434,0.9935017,0.6185111,0.9989432,0.63224,24.2175797,24.059913,20.0212788,19.4410787,NA,NA,8.2509659,NA,NA,NA,NA,NA,NA,NA,NA,NA,NA,NA,NA,NA,NA
2020-05-07,"US_IN",0.5616508,0.5696525,0.6350349,0.5952325,0.7674274,0.6514409,0.8243062,0.6628419,23.219419,23.6818407,18.6409363,19.2780042,NA,NA,8.5455378,NA,NA,NA,NA,NA,NA,NA,NA,NA,NA,NA,NA,NA,NA
2020-05-08,"US_IN",0.9135389,0.5937759,0.9135389,0.6168422,1.1589007,0.7541477,1.1589007,0.7621514,22.3714605,23.5166235,16.0145358,19.0748999,NA,NA,8.7160012,NA,NA,NA,NA,NA,NA,NA,NA,NA,NA,NA,NA,NA,NA
2020-05-09,"US_IN",0.5422272,0.6036058,0.5652029,0.6143454,0.7029076,0.7717938,0.7139926,0.7729426,22.5853739,23.2454566,19.0816124,18.9675109,NA,NA,8.8600768,NA,NA,NA,NA,NA,NA,NA,NA,NA,NA,NA,NA,NA,NA
2020-05-10,"US_IN",0.5820986,0.5880499,0.6586066,0.6057914,0.5536538,0.7494797,0.7925143,0.7836535,23.5088176,23.1995011,18.3283014,18.8521962,NA,NA,9.0469779,NA,NA,NA,NA,NA,NA,NA,NA,NA,NA,NA,NA,NA,NA
2020-05-11,"US_IN",0.7961328,0.6212939,0.8294206,0.6506163,0.7775343,0.7888792,0.8224054,0.835906,22.3476665,23.1047674,17.5564515,18.6795805,NA,NA,9.4990071,NA,NA,NA,NA,NA,NA,NA,NA,NA,NA,NA,NA,NA,NA
2020-05-12,"US_IN",0.4743524,0.6465416,0.4743524,0.6824314,0.4758377,0.7815957,0.4758377,0.8332068,23.4649638,23.1702992,18.815829,18.5621299,NA,NA,9.908932,NA,NA,NA,NA,NA,NA,NA,NA,NA,NA,NA,NA,NA,NA
2020-05-13,"US_IN",0.4610869,0.597591,0.4434658,0.6298083,0.4643023,0.7065163,0.4509308,0.755514,21.5127019,22.7476655,17.2554532,18.114967,NA,NA,10.2330764,NA,NA,NA,NA,NA,NA,NA,NA,NA,NA,NA,NA,NA,NA
2020-05-14,"US_IN",0.346359,0.5525599,0.3660945,0.5752527,0.2975341,0.6379448,0.3156901,0.681257,22.6558018,22.6486687,17.937106,17.9891806,NA,NA,10.3737846,NA,NA,NA,NA,NA,NA,NA,NA,NA,NA,NA,NA,NA,NA
2020-05-15,"US_IN",0.524987,0.5319494,0.5771859,0.5611466,0.4942636,0.5371571,0.5446251,0.5876135,23.0833894,22.7426833,18.0470092,18.0853866,NA,NA,10.3757738,NA,NA,NA,NA,NA,NA,NA,NA,NA,NA,NA,NA,NA,NA
2020-05-16,"US_IN",0.5024535,0.5259158,0.5024535,0.5508632,0.4830397,0.5062356,0.5069685,0.5583268,20.872315,22.4434563,16.7739595,17.7601281,NA,NA,10.3688092,NA,NA,NA,NA,NA,NA,NA,NA,NA,NA,NA,NA,NA,NA
2020-05-17,"US_IN",0.4913326,0.5129595,0.4954476,0.5280109,0.4379946,0.489588,0.4354042,0.5069739,20.1360158,21.8954699,16.1037784,17.3898893,NA,NA,10.1876825,NA,NA,NA,NA,NA,NA,NA,NA,NA,NA,NA,NA,NA,NA
2020-05-18,"US_IN",0.4971209,0.4733977,0.503896,0.4846638,0.4050255,0.4366457,0.4120962,0.4486376,19.8186548,21.4822921,16.2435231,17.172559,NA,NA,10.277932,NA,NA,NA,NA,NA,NA,NA,NA,NA,NA,NA,NA,NA,NA
2020-05-19,"US_IN",0.3490679,0.4582445,0.2849653,0.4614915,0.5452179,0.4467589,0.5118158,0.4539987,21.0057042,21.2290126,16.6547872,16.9477501,NA,NA,10.1319026,NA,NA,NA,NA,NA,NA,NA,NA,NA,NA,NA,NA,NA,NA
2020-05-20,"US_IN",0.4101688,0.448499,0.4482061,0.4604037,0.4536987,0.4452066,0.4695515,0.4566221,22.3889474,21.4334964,18.8815372,17.3026633,NA,NA,10.1730396,NA,NA,NA,NA,NA,NA,NA,NA,NA,NA,NA,NA,NA,NA
2020-05-21,"US_IN",0.6582028,0.4919142,0.6933072,0.506247,0.7051601,0.5033718,0.7523033,0.5189127,19.9744174,21.0678226,16.342708,17.0831341,NA,NA,10.1980543,NA,NA,NA,NA,NA,NA,NA,NA,NA,NA,NA,NA,NA,NA
2020-05-22,"US_IN",0.4497014,0.4818526,0.4607147,0.4906753,0.5046759,0.5048583,0.5111589,0.514252,21.057109,20.795748,17.2131313,16.9709851,NA,NA,10.42479,NA,NA,NA,NA,NA,NA,NA,NA,NA,NA,NA,NA,NA,NA
2020-05-23,"US_IN",0.5005205,0.4817419,0.5968985,0.503431,0.5699961,0.5173366,0.6395538,0.5332271,20.5964358,20.7592882,16.7502768,16.966548,NA,NA,10.490542,NA,NA,NA,NA,NA,NA,NA,NA,NA,NA,NA,NA,NA,NA
2020-05-24,"US_IN",0.2886038,0.4528429,0.2756909,0.4722248,0.4260642,0.5154864,0.4039581,0.5285485,19.6889788,20.6996351,16.4206645,17.0173632,NA,NA,10.8838351,NA,NA,NA,NA,NA,NA,NA,NA,NA,NA,NA,NA,NA,NA
2020-05-25,"US_IN",0.3209652,0.4285187,0.3163939,0.4465004,0.4213816,0.518018,0.3232153,0.5161284,18.5506413,20.5370737,15.360941,16.9059598,NA,NA,11.2878607,NA,NA,NA,NA,NA,NA,NA,NA,NA,NA,NA,NA,NA,NA
2020-05-26,"US_IN",0.45182,0.4398857,0.5221218,0.473539,0.363411,0.4920535,0.4345399,0.5048679,19.397911,20.3298751,16.4659686,16.8702489,NA,NA,11.842101,NA,NA,NA,NA,NA,NA,NA,NA,NA,NA,NA,NA,NA,NA
2020-05-27,"US_IN",0.3447049,0.4313426,0.3447065,0.4590479,0.5081702,0.4998502,0.4903347,0.5078105,19.2968952,19.7699287,16.3631508,16.3991417,NA,NA,12.3961893,NA,NA,NA,NA,NA,NA,NA,NA,NA,NA,NA,NA,NA,NA
2020-05-28,"US_IN",0.4038947,0.3934453,0.4232845,0.418793,0.5100759,0.4720903,0.5236072,0.4752791,20.3171552,19.8223169,16.9435549,16.4900015,NA,NA,12.9335331,NA,NA,NA,NA,NA,NA,NA,NA,NA,NA,NA,NA,NA,NA
2020-05-29,"US_IN",0.594846,0.4142814,0.5379183,0.4299533,0.8387751,0.5204731,0.766486,0.5122938,19.7368527,19.6448748,15.3866893,16.2375915,NA,NA,12.9718656,NA,NA,NA,NA,NA,NA,NA,NA,NA,NA,NA,NA,NA,NA
2020-05-30,"US_IN",0.4113198,0.4020264,0.4063862,0.4039718,0.4826779,0.5080524,0.3813737,0.4755245,15.9939316,19.0506978,13.0421325,15.7614782,NA,NA,13.1258555,NA,NA,NA,NA,NA,NA,NA,NA,NA,NA,NA,NA,NA,NA
2020-05-31,"US_IN",0.5604148,0.439464,0.5652739,0.4439826,0.6290819,0.5371281,0.6055715,0.5044008,17.8061625,18.7937274,14.6551512,15.519503,NA,NA,13.2041913,NA,NA,NA,NA,NA,NA,NA,NA,NA,NA,NA,NA,NA,NA
2020-06-01,"US_IN",0.6687889,0.4894705,0.6602245,0.4933179,0.8007616,0.5911606,0.7923129,0.5711842,18.9082062,18.8439661,15.479941,15.53557,NA,NA,12.9572218,NA,NA,NA,NA,NA,NA,NA,NA,NA,NA,NA,NA,NA,NA
2020-06-02,"US_IN",0.7300971,0.5279966,0.6742935,0.5138118,0.7547945,0.6463597,0.7400188,0.6142407,19.5059622,18.8523715,15.5877317,15.4040984,NA,NA,12.9490326,NA,NA,NA,NA,NA,NA,NA,NA,NA,NA,NA,NA,NA,NA
2020-06-03,"US_IN",0.6729795,0.5772533,0.618245,0.5551019,0.6626061,0.6685732,0.638402,0.6355027,18.0157545,18.6647991,14.3058042,15.0990342,NA,NA,12.963141,NA,NA,NA,NA,NA,NA,NA,NA,NA,NA,NA,NA,NA,NA
2020-06-04,"US_IN",0.5144683,0.5947789,0.5452862,0.5743229,0.5718814,0.6776562,0.5689148,0.6421766,19.6254436,18.5527993,15.982548,14.9447577,NA,NA,12.937173,NA,NA,NA,NA,NA,NA,NA,NA,NA,NA,NA,NA,NA,NA
2020-06-05,"US_IN",0.3554797,0.5629559,0.3554797,0.5507051,0.379736,0.6121007,0.379736,0.5870075,17.3741804,18.2174519,14.3420393,14.7978896,NA,NA,12.9375046,NA,NA,NA,NA,NA,NA,NA,NA,NA,NA,NA,NA,NA,NA
2020-06-06,"US_IN",0.3864655,0.5656285,0.44373,0.5595637,0.7806023,0.6548904,0.8566314,0.6549653,19.8303284,18.693498,16.2762099,15.1950046,NA,NA,13.0096393,NA,NA,NA,NA,NA,NA,NA,NA,NA,NA,NA,NA,NA,NA
2020-06-07,"US_IN",0.5546936,0.5647229,0.5546936,0.5580455,0.9018921,0.6936373,0.9018921,0.6971499,19.6826257,18.9645119,16.1748346,15.416179,NA,NA,13.1236493,NA,NA,NA,NA,NA,NA,NA,NA,NA,NA,NA,NA,NA,NA
2020-06-08,"US_IN",0.5764172,0.5499483,0.6307354,0.5527374,0.6417345,0.6706172,0.7048848,0.6844543,19.5821683,19.0661296,15.0696345,15.3540655,NA,NA,13.213496,NA,NA,NA,NA,NA,NA,NA,NA,NA,NA,NA,NA,NA,NA
2020-06-09,"US_IN",0.72726,0.5472111,0.7544598,0.561982,0.9282394,0.6959947,0.9340502,0.7127524,17.1365988,18.7394023,14.2543994,15.170397,NA,NA,13.0146891,NA,NA,NA,NA,NA,NA,NA,NA,NA,NA,NA,NA,NA,NA
2020-06-10,"US_IN",0.4538,0.514085,0.494806,0.5433235,0.5796092,0.6837138,0.6274197,0.7107814,17.7932945,18.7050021,14.5530759,15.2070791,NA,NA,13.047984,NA,NA,NA,NA,NA,NA,NA,NA,NA,NA,NA,NA,NA,NA
2020-06-11,"US_IN",0.6995588,0.5417335,0.812362,0.5831916,0.6729926,0.6983132,0.7670553,0.7392237,19.215348,18.6271948,15.5498317,15.1284044,NA,NA,12.9515961,NA,NA,NA,NA,NA,NA,NA,NA,NA,NA,NA,NA,NA,NA
2020-06-12,"US_IN",0.473439,0.5571698,0.4841686,0.5996617,0.540554,0.7206597,0.5597869,0.7642261,18.5114627,18.7844573,14.858241,15.1963691,NA,NA,13.3750915,NA,NA,NA,NA,NA,NA,NA,NA,NA,NA,NA,NA,NA,NA
2020-06-13,"US_IN",0.5656121,0.5757184,0.578143,0.6128361,0.7624221,0.7178008,0.7694127,0.7516107,18.3012626,18.6153072,14.7756226,15.0317904,NA,NA,13.694164,NA,NA,NA,NA,NA,NA,NA,NA,NA,NA,NA,NA,NA,NA
2020-06-14,"US_IN",0.2926696,0.5370039,0.4522247,0.5977486,0.4596647,0.6552884,0.7258306,0.7268353,18.7012375,18.4697342,14.5763712,14.7947826,NA,NA,13.8704107,NA,NA,NA,NA,NA,NA,NA,NA,NA,NA,NA,NA,NA,NA
2020-06-15,"US_IN",0.5111928,0.5274878,0.5712421,0.5891045,0.7006966,0.6636452,0.7363935,0.7313015,18.4750995,18.3037008,14.6173662,14.7289935,NA,NA,14.297798,NA,NA,NA,NA,NA,NA,NA,NA,NA,NA,NA,NA,NA,NA
2020-06-16,"US_IN",0.9937032,0.5624884,0.9627626,0.6164541,1.0426484,0.6794172,1.0283785,0.7443427,18.6746984,18.5084654,15.1236573,14.8444223,NA,NA,14.7476631,NA,NA,NA,NA,NA,NA,NA,NA,NA,NA,NA,NA,NA,NA
2020-06-17,"US_IN",0.30294,0.5428396,0.362531,0.5995561,0.3544106,0.6477432,0.5019624,0.7269175,17.8701517,18.527786,14.4114138,14.8281602,NA,NA,14.7117351,NA,NA,NA,NA,NA,NA,NA,NA,NA,NA,NA,NA,NA,NA
2020-06-18,"US_IN",0.6280101,0.5309326,0.667544,0.576959,0.5685024,0.6327012,0.6506565,0.7101833,18.4561577,18.4149659,14.7712692,14.7122166,NA,NA,14.8298861,NA,NA,NA,NA,NA,NA,NA,NA,NA,NA,NA,NA,NA,NA
2020-06-19,"US_IN",0.4417114,0.5306009,0.4417114,0.5773898,0.5639272,0.636341,0.5639272,0.7112476,19.3508731,18.5022402,16.2284432,14.8553209,NA,NA,14.48096,NA,NA,NA,NA,NA,NA,NA,NA,NA,NA,NA,NA,NA,NA
2020-06-20,"US_IN",0.5421642,0.5268616,0.6196173,0.5822585,0.651246,0.6204008,0.7519009,0.7086666,19.4093407,18.6387861,15.8660619,14.9865028,NA,NA,14.3826203,NA,NA,NA,NA,NA,NA,NA,NA,NA,NA,NA,NA,NA,NA
2020-06-21,"US_IN",0.64842,0.5835307,0.7457436,0.6262563,0.7501075,0.6621421,0.7965959,0.7189379,18.2326649,18.57491,14.0566688,14.9367818,NA,NA,14.4464075,NA,NA,NA,NA,NA,NA,NA,NA,NA,NA,NA,NA,NA,NA
2020-06-22,"US_IN",0.2748864,0.555651,0.4021078,0.6064244,0.4841806,0.6316615,0.606714,0.7007106,16.6021196,18.3344921,12.8869565,14.7230759,NA,NA,14.5169962,NA,NA,NA,NA,NA,NA,NA,NA,NA,NA,NA,NA,NA,NA
2020-06-23,"US_IN",0.4862019,0.4743294,0.5323969,0.5377261,0.4344539,0.5440911,0.4784288,0.6215749,19.609807,18.4639502,14.5034595,14.6264849,NA,NA,14.3444509,NA,NA,NA,NA,NA,NA,NA,NA,NA,NA,NA,NA,NA,NA
2020-06-24,"US_IN",0.4412275,0.4992088,0.4941916,0.5617387,0.5242268,0.56837,0.5733584,0.6318602,17.6066115,18.4421042,13.6297588,14.5184756,NA,NA,14.8029684,NA,NA,NA,NA,NA,NA,NA,NA,NA,NA,NA,NA,NA,NA
2020-06-25,"US_IN",0.6225246,0.4960123,0.6926017,0.5635535,0.7424478,0.5933841,0.8325962,0.6580755,16.9885514,18.2213431,13.9842674,14.3954538,NA,NA,15.0362029,NA,NA,NA,NA,NA,NA,NA,NA,NA,NA,NA,NA,NA,NA
2020-06-26,"US_IN",0.3130413,0.4773785,0.3501608,0.5493943,0.5453833,0.5908288,0.6031403,0.6637291,18.1714616,18.0682089,13.4673652,14.0282453,NA,NA,15.4234586,NA,NA,NA,NA,NA,NA,NA,NA,NA,NA,NA,NA,NA,NA
2020-06-27,"US_IN",0.5173363,0.475079,0.5304334,0.5372382,0.383374,0.5522606,0.3949911,0.6123158,20.0600626,18.2011296,15.5206801,14.0180353,NA,NA,15.4635521,NA,NA,NA,NA,NA,NA,NA,NA,NA,NA,NA,NA,NA,NA
2020-06-28,"US_IN",0.3212832,0.4275152,0.3465149,0.4791361,0.3233879,0.4908656,0.3435006,0.5470852,18.9711537,18.3164943,15.3014301,14.212215,NA,NA,15.5617314,NA,NA,NA,NA,NA,NA,NA,NA,NA,NA,NA,NA,NA,NA
2020-06-29,"US_IN",0.4694881,0.4533564,0.4694881,0.4874746,0.4253272,0.4823645,0.4330134,0.5223208,18.7744195,18.6066018,14.8185454,14.4751205,NA,NA,15.3112443,NA,NA,NA,NA,NA,NA,NA,NA,NA,NA,NA,NA,NA,NA
2020-06-30,"US_IN",0.5470643,0.4631507,0.5679361,0.4935732,0.4043463,0.4781698,0.4191906,0.5139979,19.8022542,18.6516059,15.7206288,14.6621743,NA,NA,15.6507265,NA,NA,NA,NA,NA,NA,NA,NA,NA,NA,NA,NA,NA,NA
2020-07-01,"US_IN",0.4751019,0.4678597,0.5383488,0.500166,0.5485965,0.4815157,0.5871793,0.5158459,19.2479997,18.8798,15.6490456,14.9471172,NA,NA,15.5163729,NA,NA,NA,NA,NA,NA,NA,NA,NA,NA,NA,NA,NA,NA
2020-07-02,"US_IN",0.6594492,0.4745195,0.6594492,0.4971893,0.8313367,0.4938051,0.8313367,0.5151797,19.5914238,19.2329599,14.7019369,15.0404958,NA,NA,15.7817743,NA,NA,NA,NA,NA,NA,NA,NA,NA,NA,NA,NA,NA,NA
2020-07-03,"US_IN",0.3926371,0.4841527,0.5207501,0.5186685,0.473831,0.4836979,0.5789256,0.5116747,20.3595173,19.5113801,16.9846087,15.4886177,NA,NA,16.0280498,NA,NA,NA,NA,NA,NA,NA,NA,NA,NA,NA,NA,NA,NA
2020-07-04,"US_IN",0.2939214,0.4528528,0.2672012,0.4818669,0.4212496,0.4893466,0.3789515,0.5096456,20.9688015,19.6377561,17.9200257,15.8252523,NA,NA,16.2005424,NA,NA,NA,NA,NA,NA,NA,NA,NA,NA,NA,NA,NA,NA
2020-07-05,"US_IN",0.3610142,0.4571449,0.4255387,0.4923194,0.3975433,0.5001616,0.5315371,0.5369427,19.1508446,19.6562345,15.4691353,15.8439532,NA,NA,16.4459419,NA,NA,NA,NA,NA,NA,NA,NA,NA,NA,NA,NA,NA,NA
2020-07-06,"US_IN",0.4530625,0.45475,0.4311687,0.4859341,0.3824263,0.4942623,0.359634,0.5267315,21.4955945,20.0710209,17.0381096,16.1776758,NA,NA,16.5815575,NA,NA,NA,NA,NA,NA,NA,NA,NA,NA,NA,NA,NA,NA
2020-07-07,"US_IN",0.7955892,0.4941753,0.7840017,0.5202302,0.9299656,0.5693146,0.9173645,0.5978604,21.2847902,20.2965211,16.6074827,16.3092993,NA,NA,16.7216854,NA,NA,NA,NA,NA,NA,NA,NA,NA,NA,NA,NA,NA,NA
2020-07-08,"US_IN",0.5588809,0.5075095,0.6001246,0.5309685,0.6422877,0.5828044,0.6623602,0.6087336,22.0463256,20.7305389,18.3404934,16.7361986,NA,NA,16.897628,NA,NA,NA,NA,NA,NA,NA,NA,NA,NA,NA,NA,NA,NA
2020-07-09,"US_IN",0.3487712,0.4648066,0.4113457,0.4969608,0.5285547,0.5395051,0.6400194,0.5814829,22.8267403,21.1814891,19.4224791,17.3892098,NA,NA,16.7984752,NA,NA,NA,NA,NA,NA,NA,NA,NA,NA,NA,NA,NA,NA
2020-07-10,"US_IN",0.7918898,0.5189541,0.7379652,0.5278832,0.8124683,0.5878599,0.7817039,0.6106454,24.3284414,21.7181395,20.6654362,17.8953184,NA,NA,16.8771621,NA,NA,NA,NA,NA,NA,NA,NA,NA,NA,NA,NA,NA,NA
2020-07-11,"US_IN",0.3102701,0.5180101,0.3302415,0.5328684,0.258375,0.5645348,0.2738206,0.5955255,20.3601568,21.6238031,15.720361,17.5917289,NA,NA,17.0960522,NA,NA,NA,NA,NA,NA,NA,NA,NA,NA,NA,NA,NA,NA
2020-07-12,"US_IN",0.4659613,0.5333066,0.4961718,0.5431728,0.4199686,0.5679923,0.4358624,0.581972,23.1311058,22.1850484,18.6580783,18.0420151,NA,NA,16.8323561,NA,NA,NA,NA,NA,NA,NA,NA,NA,NA,NA,NA,NA,NA
2020-07-13,"US_IN",0.8101353,0.5833567,0.8503444,0.6020497,0.8435018,0.6333265,0.8863316,0.656605,22.9372026,22.3895372,18.8115894,18.2946551,NA,NA,17.0717301,NA,NA,NA,NA,NA,NA,NA,NA,NA,NA,NA,NA,NA,NA
2020-07-14,"US_IN",0.7811267,0.581455,0.7955185,0.6038897,0.9834983,0.6413396,1.0000505,0.6687325,23.4137047,22.6970832,18.9483872,18.6323019,NA,NA,16.8485621,NA,NA,NA,NA,NA,NA,NA,NA,NA,NA,NA,NA,NA,NA
2020-07-15,"US_IN",0.4644648,0.5685166,0.4730448,0.5859304,0.6589604,0.6437175,0.6687911,0.6696453,25.8769098,23.2518686,21.9384579,19.1468126,NA,NA,16.6279112,NA,NA,NA,NA,NA,NA,NA,NA,NA,NA,NA,NA,NA,NA
2020-07-16,"US_IN",0.4606142,0.5841562,0.4606142,0.5925952,0.4945791,0.6387912,0.4861648,0.6474636,25.9581005,23.7047662,21.2275607,19.4090165,NA,NA,16.3298506,NA,NA,NA,NA,NA,NA,NA,NA,NA,NA,NA,NA,NA,NA
2020-07-17,"US_IN",0.4471163,0.5357594,0.5054131,0.5599206,0.3377545,0.5705994,0.4914528,0.6057684,22.9325627,23.5096469,18.4160247,19.0931402,NA,NA,15.9845319,NA,NA,NA,NA,NA,NA,NA,NA,NA,NA,NA,NA,NA,NA
2020-07-18,"US_IN",0.6695212,0.5868081,0.7244368,0.6158892,0.5909427,0.6180015,0.6340083,0.6571044,24.5043211,24.1012918,20.0433518,19.7104988,NA,NA,15.7902176,NA,NA,NA,NA,NA,NA,NA,NA,NA,NA,NA,NA,NA,NA
2020-07-19,"US_IN",0.639692,0.6116329,0.6637767,0.6398187,0.50885,0.6308037,0.5136409,0.6683563,23.2937604,24.1206766,18.1899126,19.6369627,NA,NA,15.9434507,NA,NA,NA,NA,NA,NA,NA,NA,NA,NA,NA,NA,NA,NA
2020-07-20,"US_IN",0.5783598,0.5789094,0.6098658,0.6058386,0.8752,0.6358862,0.8983145,0.6706058,23.5764589,24.214449,19.2258517,19.6980428,NA,NA,15.8156682,NA,NA,NA,NA,NA,NA,NA,NA,NA,NA,NA,NA,NA,NA
2020-07-21,"US_IN",0.3714284,0.5199944,0.4349205,0.5538195,0.4512266,0.5598334,0.5182707,0.6017798,23.3333357,24.2145866,19.4498423,19.7772448,NA,NA,15.8904598,NA,NA,NA,NA,NA,NA,NA,NA,NA,NA,NA,NA,NA,NA
2020-07-22,"US_IN",0.4320815,0.5164305,0.4783762,0.5556173,0.4004478,0.5230188,0.4409325,0.569308,24.9490259,24.068901,21.3509409,19.6698403,NA,NA,16.0165985,NA,NA,NA,NA,NA,NA,NA,NA,NA,NA,NA,NA,NA,NA
2020-07-23,"US_IN",0.4132136,0.5115711,0.4707642,0.5592034,0.3904178,0.5081001,0.4367866,0.5622535,23.2205708,23.6677284,19.3446371,19.3879393,NA,NA,16.0420753,NA,NA,NA,NA,NA,NA,NA,NA,NA,NA,NA,NA,NA,NA
2020-07-24,"US_IN",0.6876968,0.5434079,0.723955,0.5880266,0.8134226,0.5757765,0.8334903,0.6108438,20.9761393,23.4367526,17.6974634,19.3182857,NA,NA,15.992199,NA,NA,NA,NA,NA,NA,NA,NA,NA,NA,NA,NA,NA,NA
2020-07-25,"US_IN",0.2065996,0.4781033,0.2294463,0.5181717,0.2417708,0.5266584,0.2551428,0.5575372,22.8601165,23.1927591,18.7543441,19.1288955,NA,NA,15.8630838,NA,NA,NA,NA,NA,NA,NA,NA,NA,NA,NA,NA,NA,NA
2020-07-26,"US_IN",0.1931467,0.4106381,0.1931467,0.4476252,0.2474434,0.4889884,0.2474434,0.519143,22.6588773,23.0998265,18.8311276,19.240907,NA,NA,15.72011,NA,NA,NA,NA,NA,NA,NA,NA,NA,NA,NA,NA,NA,NA
2020-07-27,"US_IN",0.7253398,0.4288669,0.6733648,0.4542465,0.8634399,0.4863012,0.82485,0.5077305,23.7641065,23.1192185,19.3855743,19.2635436,NA,NA,15.4242479,NA,NA,NA,NA,NA,NA,NA,NA,NA,NA,NA,NA,NA,NA
2020-07-28,"US_IN",0.6703663,0.4717801,0.7925685,0.5048933,0.7840846,0.5341173,0.9559377,0.5705573,23.4386016,23.1306998,20.2799434,19.3770602,NA,NA,15.2185749,NA,NA,NA,NA,NA,NA,NA,NA,NA,NA,NA,NA,NA,NA
2020-07-29,"US_IN",0.5063012,0.4825281,0.5423229,0.5140587,0.596889,0.5622943,0.6417576,0.5993529,24.6328222,23.0663295,21.1085875,19.3211692,NA,NA,15.3984677,NA,NA,NA,NA,NA,NA,NA,NA,NA,NA,NA,NA,NA,NA
2020-07-30,"US_IN",0.6312848,0.513241,0.6553339,0.5399579,0.6249857,0.5961773,0.6589986,0.6314496,24.9999633,23.3135137,20.2275782,19.4441325,NA,NA,15.7926501,NA,NA,NA,NA,NA,NA,NA,NA,NA,NA,NA,NA,NA,NA
2020-07-31,"US_IN",0.8745336,0.5391233,0.9131515,0.5661685,1.0015131,0.6250325,1.0260844,0.660877,26.6444258,24.0950551,22.2098448,20.0664265,NA,NA,15.8507354,NA,NA,NA,NA,NA,NA,NA,NA,NA,NA,NA,NA,NA,NA
2020-08-01,"US_IN",0.7392084,0.6161103,0.7392084,0.6399816,0.7781846,0.7002282,0.7781846,0.7341954,24.5581574,24.3428125,20.8026359,20.3638421,NA,NA,15.7683925,NA,NA,NA,NA,NA,NA,NA,NA,NA,NA,NA,NA,NA,NA
2020-08-02,"US_IN",0.5376967,0.6685213,0.5193949,0.6897822,0.5668591,0.7461074,0.5612369,0.7792993,23.9145173,24.5344111,19.8529009,20.520343,NA,NA,15.6716978,NA,NA,NA,NA,NA,NA,NA,NA,NA,NA,NA,NA,NA,NA
2020-08-03,"US_IN",1.020733,0.7135113,0.7910393,0.7074728,1.3509069,0.8168229,0.985325,0.8026037,24.7256464,24.6754877,21.5706462,20.8435992,NA,NA,15.9482508,NA,NA,NA,NA,NA,NA,NA,NA,NA,NA,NA,NA,NA,NA
2020-08-04,"US_IN",1.0116847,0.761721,0.9937378,0.735451,1.1472251,0.8674667,1.1294502,0.8261091,25.1648041,24.9224815,19.6703105,20.7592642,NA,NA,15.8225565,NA,NA,NA,NA,NA,NA,NA,NA,NA,NA,NA,NA,NA,NA
2020-08-05,"US_IN",0.5195574,0.7650685,0.5095176,0.7322001,0.5056589,0.8541089,0.5217136,0.8087254,24.7695302,24.9427906,20.6220689,20.6912385,NA,NA,15.6239443,NA,NA,NA,NA,NA,NA,NA,NA,NA,NA,NA,NA,NA,NA
2020-08-06,"US_IN",0.9473933,0.8095806,0.9510058,0.7738249,1.151608,0.9290048,1.1466825,0.8778896,26.263632,25.1220574,21.7215194,20.9030064,NA,NA,15.0871342,NA,NA,NA,NA,NA,NA,NA,NA,NA,NA,NA,NA,NA,NA
2020-08-07,"US_IN",0.2736382,0.7266754,0.351644,0.6960977,0.3958241,0.8420043,0.4761998,0.7984723,23.4918008,24.6821356,19.4194186,20.5137406,NA,NA,15.011021,NA,NA,NA,NA,NA,NA,NA,NA,NA,NA,NA,NA,NA,NA
2020-08-08,"US_IN",0.6527445,0.7151864,0.7052792,0.6911121,0.7168694,0.833025,0.7658419,0.7966095,24.8594198,24.7231649,21.2449565,20.5683693,NA,NA,15.0240502,NA,NA,NA,NA,NA,NA,NA,NA,NA,NA,NA,NA,NA,NA
2020-08-09,"US_IN",0.4463907,0.7025573,0.4463907,0.6811443,0.4585107,0.8165004,0.4585107,0.7809972,23.6463463,24.6875033,19.8196409,20.5667485,NA,NA,15.0787105,NA,NA,NA,NA,NA,NA,NA,NA,NA,NA,NA,NA,NA,NA
2020-08-10,"US_IN",0.970303,0.6903736,0.9764622,0.7058514,1.3585379,0.8171419,1.2961872,0.8257226,27.462086,25.0752511,22.6136109,20.6998569,NA,NA,14.85265,NA,NA,NA,NA,NA,NA,NA,NA,NA,NA,NA,NA,NA,NA
2020-08-11,"US_IN",0.8167018,0.6596722,0.8364334,0.6806971,0.8453077,0.7753129,0.8865247,0.7922613,27.2472034,25.3566416,22.9935949,21.1641191,NA,NA,14.9871906,NA,NA,NA,NA,NA,NA,NA,NA,NA,NA,NA,NA,NA,NA
2020-08-12,"US_IN",0.6162788,0.6744057,0.6807089,0.7054054,0.6052605,0.789784,0.641421,0.8095563,21.3910081,24.9390552,17.454027,20.7723986,NA,NA,14.8097412,NA,NA,NA,NA,NA,NA,NA,NA,NA,NA,NA,NA,NA,NA
2020-08-13,"US_IN",0.7853413,0.6474652,0.8265614,0.6840355,1.0083143,0.770218,1.062271,0.7983369,24.1101654,24.6238452,18.0084715,20.2568445,NA,NA,14.9130027,NA,NA,NA,NA,NA,NA,NA,NA,NA,NA,NA,NA,NA,NA
2020-08-14,"US_IN",0.5139697,0.6871671,0.5791215,0.7211334,0.5239153,0.7882033,0.5837287,0.8134254,23.4486421,24.6441504,19.6366056,20.3043848,NA,NA,14.8085928,NA,NA,NA,NA,NA,NA,NA,NA,NA,NA,NA,NA,NA,NA
2020-08-15,"US_IN",0.7081435,0.6948819,0.7382822,0.7256419,0.8662535,0.8092947,0.8965928,0.8318452,25.0697814,24.6665259,21.9069831,20.3695223,NA,NA,14.9779155,NA,NA,NA,NA,NA,NA,NA,NA,NA,NA,NA,NA,NA,NA
2020-08-16,"US_IN",1.0890183,0.7939539,1.0469115,0.8191693,1.3213772,0.9337404,1.1860738,0.936974,23.3877346,24.6480481,19.9591592,20.4006728,NA,NA,14.6421432,NA,NA,NA,NA,NA,NA,NA,NA,NA,NA,NA,NA,NA,NA
2020-08-17,"US_IN",1.0101339,0.7981501,1.0777852,0.8328219,1.1641587,0.9058442,1.2102291,0.9247191,24.1753813,24.1255743,19.6701501,19.935636,NA,NA,14.4690315,NA,NA,NA,NA,NA,NA,NA,NA,NA,NA,NA,NA,NA,NA
2020-08-18,"US_IN",0.8031419,0.7960582,0.8224583,0.8307754,0.9051718,0.9144525,0.8996707,0.9265749,25.8867669,23.904785,21.0725915,19.6341119,NA,NA,13.9724835,NA,NA,NA,NA,NA,NA,NA,NA,NA,NA,NA,NA,NA,NA
2020-08-19,"US_IN",0.5449404,0.7855409,0.5871603,0.8171883,0.5150073,0.9022673,0.5608156,0.9157077,24.3722266,24.3218356,20.5627121,20.0696411,NA,NA,13.5930266,NA,NA,NA,NA,NA,NA,NA,NA,NA,NA,NA,NA,NA,NA
2020-08-20,"US_IN",0.4257316,0.7387903,0.5036094,0.7750374,0.4117299,0.8169873,0.4845348,0.8330981,26.0642916,24.5813006,22.658428,20.7108175,NA,NA,13.5398346,NA,NA,NA,NA,NA,NA,NA,NA,NA,NA,NA,NA,NA,NA
2020-08-21,"US_IN",0.8198039,0.7810765,0.7242928,0.7962529,1.1597892,0.907949,0.9637938,0.8875936,27.8426046,25.1632546,23.4694385,21.2195252,NA,NA,13.4385338,NA,NA,NA,NA,NA,NA,NA,NA,NA,NA,NA,NA,NA,NA
2020-08-22,"US_IN",0.7302232,0.7848889,0.7555782,0.7992519,0.7760993,0.8951447,0.7918055,0.8728109,23.4097626,24.9617363,19.6558623,20.934212,NA,NA,13.2200252,NA,NA,NA,NA,NA,NA,NA,NA,NA,NA,NA,NA,NA,NA
2020-08-23,"US_IN",0.4958323,0.6990656,0.5293668,0.7249426,0.6665854,0.8014629,0.7143884,0.8053232,25.2312308,25.2501706,20.7091431,21.0626619,NA,NA,13.5620551,NA,NA,NA,NA,NA,NA,NA,NA,NA,NA,NA,NA,NA,NA
2020-08-24,"US_IN",1.0364278,0.6930453,1.1009023,0.717192,1.1911048,0.8052475,1.2428718,0.809914,26.2045154,25.5632177,22.1730613,21.4508497,NA,NA,13.6824414,NA,NA,NA,NA,NA,NA,NA,NA,NA,NA,NA,NA,NA,NA
2020-08-25,"US_IN",0.5404647,0.6537728,0.4994137,0.6696876,0.6479796,0.7681873,0.5517806,0.7600156,25.4279961,25.4911322,21.3997971,21.5061881,NA,NA,14.0492722,NA,NA,NA,NA,NA,NA,NA,NA,NA,NA,NA,NA,NA,NA
2020-08-26,"US_IN",1.0263446,0.723351,1.0770518,0.7397089,1.1358704,0.8561537,1.1708027,0.8465302,25.3367345,25.6547709,20.466276,21.5185251,NA,NA,14.6458844,NA,NA,NA,NA,NA,NA,NA,NA,NA,NA,NA,NA,NA,NA
2020-08-27,"US_IN",0.6276134,0.6269945,0.6522913,0.651648,0.7976725,0.7970692,0.751914,0.7513445,24.5975187,24.5727976,20.5733948,20.5527181,NA,NA,14.7883775,NA,NA,NA,NA,NA,NA,NA,NA,NA,NA,NA,NA,NA,NA
2020-08-28,"US_IN",0.9251938,0.7644382,0.9770969,0.8016514,1.0001372,0.8980491,1.0391786,0.8946622,25.5006185,24.9864121,20.2002403,20.3743674,NA,NA,12.3899402,NA,NA,NA,NA,NA,NA,NA,NA,NA,NA,NA,NA,NA,NA
2020-08-29,"US_IN",0.4090022,0.6470964,0.4494529,0.6853784,0.6336349,0.8095361,0.6522055,0.8135044,24.5603092,24.8364238,20.8240696,20.5123049,NA,NA,12.9100668,NA,NA,NA,NA,NA,NA,NA,NA,NA,NA,NA,NA,NA,NA
2020-08-30,"US_IN",0.6841078,0.6564086,0.7723798,0.7072682,0.5349985,0.7405315,0.6669217,0.7766682,24.0063583,24.6197061,19.495101,20.2470945,NA,NA,13.5745534,NA,NA,NA,NA,NA,NA,NA,NA,NA,NA,NA,NA,NA,NA
2020-08-31,"US_IN",0.4730419,0.6183424,0.5239066,0.6692031,0.4182647,0.6766639,0.50362,0.722542,26.2029712,24.9406503,22.3326453,20.6706506,NA,NA,13.6430503,NA,NA,NA,NA,NA,NA,NA,NA,NA,NA,NA,NA,NA,NA
2020-09-01,"US_IN",0.3569373,0.5740882,0.4087508,0.6251102,0.3795433,0.6270539,0.4325387,0.6741198,25.7157849,25.0671768,21.2619133,20.7653326,NA,NA,13.5119145,NA,NA,NA,NA,NA,NA,NA,NA,NA,NA,NA,NA,NA,NA
2020-09-02,"US_IN",0.9180417,0.6319649,0.947002,0.6792874,1.400625,0.7389975,1.4140515,0.7811956,25.3989448,25.123011,21.7641867,20.9321093,NA,NA,13.5289552,NA,NA,NA,NA,NA,NA,NA,NA,NA,NA,NA,NA,NA,NA
2020-09-03,"US_IN",0.6127531,0.6298849,0.6990195,0.6861093,0.4901179,0.694674,0.6125521,0.7609579,26.1122568,25.3418221,22.1927848,21.1645118,NA,NA,13.8205342,NA,NA,NA,NA,NA,NA,NA,NA,NA,NA,NA,NA,NA,NA
2020-09-04,"US_IN",1.1696918,0.6578845,1.2666615,0.7196347,1.181068,0.720476,1.2753863,0.7945823,23.7593046,25.1285242,18.3002448,20.9391745,NA,NA,14.1089754,NA,NA,NA,NA,NA,NA,NA,NA,NA,NA,NA,NA,NA,NA
2020-09-05,"US_IN",0.98721,0.7336764,0.98721,0.7906646,0.9538672,0.7661192,0.9538672,0.8375369,24.2735898,25.0995569,20.2784212,20.8716137,NA,NA,14.4366113,NA,NA,NA,NA,NA,NA,NA,NA,NA,NA,NA,NA,NA,NA
2020-09-06,"US_IN",0.6691929,0.7315372,0.6797526,0.7775074,0.9657196,0.8278776,0.9729304,0.8814164,25.3225458,25.2872618,21.0214691,21.0893098,NA,NA,14.6842231,NA,NA,NA,NA,NA,NA,NA,NA,NA,NA,NA,NA,NA,NA
2020-09-07,"US_IN",0.8502074,0.7867527,0.9031174,0.8329862,0.8654982,0.8907359,1.0492223,0.9580965,23.0064547,24.8268822,18.6961099,20.5646878,NA,NA,15.2320571,NA,NA,NA,NA,NA,NA,NA,NA,NA,NA,NA,NA,NA,NA
2020-09-08,"US_IN",0.5718641,0.8153053,0.5718641,0.8535738,0.7742873,0.9472086,0.7742873,1.00714,25.0000202,24.7250141,21.0606045,20.5392484,84.7710942,NA,15.7787604,40.0154644,59.2105108,23.1423994,49.3034056,17.879257,1.7802012,8.9951216,NA,8.7387372,19.8784514,15.3914385,18.5739228,57.944705,44.3965613
2020-09-09,"US_IN",1.0010348,0.8293701,0.9748123,0.8582256,0.8375326,0.8663268,0.7910741,0.9178069,20.7135987,23.9418025,17.3771798,19.8014287,84.2765278,NA,16.1261283,43.3799859,58.1284069,22.9887858,46.1172472,17.8491618,1.7039063,7.559805,8.7501813,8.1365423,19.2843086,14.2257652,17.4791221,54.4626367,42.9064074
2020-09-10,"US_IN",0.509457,0.8047351,0.5936992,0.8350771,0.3089892,0.8409454,0.3244075,0.8769555,22.8835373,23.4559372,18.033462,19.1640256,84.0848153,NA,15.9584693,44.3903469,59.270974,23.7654919,46.4728777,18.1558522,1.8978823,7.7339189,8.9373516,7.3175255,18.3792661,13.9592654,17.5716906,55.3203563,43.1375676
2020-09-11,"US_IN",0.6127595,0.7356148,0.6297837,0.7563448,0.6464287,0.765142,0.6688878,0.7909078,25.1079805,23.6447542,19.7084148,19.3403603,84.0810899,NA,15.7114108,44.3503704,58.986266,24.3048219,46.2966986,17.7578306,1.9590456,7.6143927,9.1761561,7.2844655,18.5073976,14.2960346,17.7293633,55.2996097,42.7100622
2020-09-12,"US_IN",0.8470576,0.723294,0.7911972,0.7351415,0.978223,0.7679336,0.9442724,0.7890099,23.284556,23.5180837,19.5590757,19.2615505,84.1490963,NA,15.1069975,44.5029464,59.4333252,24.9006002,46.4910145,17.9423229,1.9781258,7.686712,10.1174049,7.0701154,17.9851804,14.3068529,17.7463568,55.356709,42.3204331
2020-09-13,"US_IN",0.5479447,0.7044317,0.5763567,0.7188729,0.7013679,0.729602,0.7244398,0.7529653,23.4870521,23.2775817,19.1642888,19.0171789,83.9690931,NA,14.6310832,42.489769,59.8774743,25.4285692,47.3060889,19.110186,2.0489747,7.9880899,10.2772222,7.1561309,17.7787805,14.1830374,17.4767517,55.5382587,41.9963149
2020-09-14,"US_IN",0.656566,0.6795704,0.656566,0.6871987,0.6006633,0.6915558,0.6006633,0.6887634,23.0961916,23.2874088,17.2845761,18.8179053,83.8179008,NA,14.1096717,41.8256254,59.6504001,25.5326553,47.5351365,19.6281676,2.1515067,7.9996843,8.9921719,7.2190214,17.4519268,14.1934267,17.3037408,55.5355663,42.1950134
2020-09-15,"US_IN",0.4539472,0.6631189,0.4539472,0.6707371,0.6192073,0.6694276,0.6192073,0.666638,23.3668265,23.0624942,19.5477306,18.6100171,83.5815072,NA,13.6012266,41.8523196,59.7560426,25.5306569,47.0599646,19.5978729,2.2346722,7.8513279,8.1107422,7.1460682,17.0620624,14.2177916,17.2551985,55.2456015,41.9371167
2020-09-16,"US_IN",0.8272051,0.632139,0.7490029,0.6338659,1.64515,0.7831992,1.5153899,0.7687819,22.6613806,23.3728373,19.4320042,18.905247,83.4307972,NA,13.2352898,41.4526408,59.9121447,25.7229782,47.3715984,19.6148398,2.3716217,8.0436067,8.3654199,7.072174,16.915908,14.3839583,17.1836718,55.8524383,41.818823
2020-09-17,"US_IN",0.4556558,0.6306021,0.5536318,0.6305574,0.4585475,0.8040199,0.5172845,0.7944745,19.6808534,22.9904991,15.3073304,18.5993184,83.4138746,NA,12.8415215,40.8802304,59.5985986,25.5986027,47.3873204,19.3309674,2.3732377,8.0067264,8.8056858,7.3545807,16.8954422,14.4969315,17.0462119,55.9190938,41.179682
2020-09-18,"US_IN",0.476933,0.6153215,0.4519953,0.6099787,0.4315248,0.7741469,0.3940018,0.7561776,22.229684,22.6036108,19.0253824,18.4910931,83.1240596,NA,12.8379378,40.914291,59.8656763,25.6897406,47.9633074,19.7240884,2.5205805,8.1391604,8.3162388,7.1003326,16.3700152,14.1737735,16.7272726,55.6808147,40.8266785
2020-09-19,"US_IN",0.8944056,0.6134088,1.0362497,0.6347734,0.6624938,0.7217836,0.8525501,0.7393944,23.6075905,22.6192307,18.5442823,18.3251408,83.0206241,NA,13.1400681,40.7094645,60.1717825,26.0119396,48.2972231,19.7983508,2.6512314,8.117117,8.0299941,7.4248011,16.5541125,14.3455051,16.7264321,55.2767935,40.9318702
2020-09-20,"US_IN",0.7906706,0.6485269,0.8475534,0.6735197,0.4246189,0.6822513,0.4246189,0.6965369,24.4982442,22.7317242,19.7756861,18.3831854,83.0456216,NA,13.0201256,40.6929861,60.2793921,25.6752545,48.0398045,19.4860248,2.5698403,7.9636556,7.7878297,7.4103422,16.6550468,14.6271019,16.7931465,54.9323382,41.0630579
2020-09-21,"US_IN",1.0275471,0.7003128,1.0275471,0.7259873,0.8088725,0.7123532,0.8088725,0.7266574,21.4543621,22.492016,17.1274176,18.3918583,82.899268,NA,13.1237983,41.1368094,60.1633438,26.1059048,48.525428,19.6686192,2.5606441,7.8209815,8.8862707,7.2318456,17.1078439,14.7883916,16.9232019,55.0222185,41.017179
2020-09-22,"US_IN",0.6754742,0.7390175,0.9298093,0.8013993,0.5082795,0.6966489,0.7847016,0.7506122,24.0853272,22.5675146,18.5975406,18.2219427,82.6640752,NA,13.3279323,41.8177156,60.3707625,26.3841115,48.7097689,19.7697225,2.4416055,7.9352807,9.254821,7.2024389,17.2404154,14.6774905,16.4246965,54.8159218,40.7288622
2020-09-23,"US_IN",0.4889563,0.6899708,0.5187536,0.7702615,0.8178654,0.6010765,0.8516964,0.677958,22.1446447,22.4938271,17.8299365,17.975642,82.5464566,NA,13.2163943,41.9373643,60.4781075,26.5284047,48.6840049,20.1149592,2.340491,8.0466604,9.2326272,6.8668285,16.9458007,14.2897803,16.4890447,54.7044375,40.6214904
2020-09-24,"US_IN",0.5738706,0.7089718,0.5738706,0.7755373,0.8039695,0.6520677,0.8039695,0.7217697,24.1935902,23.1546119,19.1613186,18.5433435,82.3050436,NA,13.2301209,41.9123812,60.3622689,26.8997533,49.0227592,20.5307686,2.3167612,8.2312685,8.7320939,6.6249978,17.4610609,14.6512024,16.7338598,53.8367135,40.7473587
2020-09-25,"US_IN",0.4346903,0.7039886,0.4770991,0.7797461,0.4864122,0.6597705,0.4864122,0.73474,24.6657655,23.4805171,20.5213821,18.7432946,82.7052521,NA,12.9888381,41.3160949,60.0523842,26.4318369,48.5301745,20.3328456,2.0189215,8.1605646,9.4724574,6.759881,17.7788199,14.9315485,16.7084726,53.8337562,40.4064241
2020-09-26,"US_IN",0.640394,0.6678344,0.5788177,0.7151378,0.5909767,0.6584085,0.559014,0.7001268,23.1627236,23.4189744,17.9134074,18.6579273,82.3796692,NA,12.7837292,41.0110378,59.9235463,26.4655945,48.6576242,20.603247,2.013593,8.1724681,8.5956763,6.5986372,17.5966775,14.3843471,16.2833549,53.9671774,40.2190452
2020-09-27,"US_IN",0.4745832,0.6199463,0.4745832,0.6585745,0.3973651,0.6549677,0.3973651,0.6967507,18.3781237,22.4802827,14.294104,17.8174443,82.194568,NA,12.9958825,41.3143064,59.4976603,26.9536432,48.925914,20.8643503,2.1227999,8.1011883,8.6165354,6.2342886,17.3416205,14.0348969,16.1775839,53.5660057,39.9183312
2020-09-28,"US_IN",0.4841172,0.5386485,0.5592769,0.5885297,0.6213094,0.6277078,0.5774516,0.6632991,24.3130195,22.9080854,19.414547,18.159834,82.450906,NA,12.9366736,40.8707043,59.8056065,26.6863802,49.053254,20.853767,2.0879113,8.3817959,8.8914883,6.1856556,17.0845793,13.5676742,16.3694251,52.9506871,39.4068338
2020-09-29,"US_IN",0.9547104,0.5829474,1.0090583,0.6038888,2.2528041,0.9165713,2.6508,0.9789905,24.9718236,23.0612717,20.4622392,18.4578711,82.475701,NA,13.1613071,40.812429,59.3551405,26.4405324,49.1205998,20.9631549,2.1021788,8.376998,10.0230991,6.1391553,17.0105751,13.2815278,16.7850038,52.9748722,39.7019986
2020-09-30,"US_IN",0.8440759,0.6349297,0.9628585,0.6692139,0.8516013,0.8994104,1.1458825,0.9998743,25.5005656,23.5505452,20.6713525,18.8737159,82.8525604,NA,13.1218061,40.9935613,59.3879911,26.0656795,49.1872575,20.6418984,2.0484323,8.1055248,10.2113055,6.6545966,17.412857,13.8914937,16.9293321,53.3166372,40.1131285
2020-10-01,"US_IN",0.52391,0.625958,0.52391,0.6595238,0.4974149,0.8552075,0.4974149,0.9556467,24.2169938,23.5672653,19.0715793,18.8658226,83.1393074,NA,12.9290266,40.9467735,59.540482,25.6982855,48.5953225,20.2094845,2.0217601,8.0675098,10.0462103,6.4434837,16.8662174,13.3973234,16.5857476,54.1689741,39.9580095
2020-10-02,"US_IN",0.6929451,0.6596827,0.7109436,0.6898556,0.7365574,0.8912379,0.6445526,0.9791268,23.8285763,23.4676798,18.8000015,18.6481982,83.2040964,NA,12.9515948,41.3226806,59.4236738,25.7145185,48.3248642,19.966657,2.1197191,8.2117881,9.5291629,6.616161,17.0378681,13.4489386,16.6363259,55.0276613,40.4287191
2020-10-03,"US_IN",0.4026214,0.6262521,0.4026214,0.6638988,0.3846643,0.8608605,0.3846643,0.9511421,24.185773,23.605122,19.3606883,18.8392587,83.7468606,NA,12.6649286,41.3974645,59.1829229,25.2901662,48.0316908,19.4871412,1.9369478,8.3019704,10.4625689,6.2105561,17.1227678,13.7171884,16.5496556,55.7468485,40.54789
2020-10-04,"US_IN",0.9579776,0.6961841,0.9935901,0.7388591,1.166985,0.9705897,1.2022853,1.0660439,26.3904744,24.7519012,21.0556258,19.8064786,84.2909923,NA,12.6917153,41.0786787,59.7330933,24.9844146,48.0409299,19.0056323,1.7717738,8.4917894,10.475171,6.8108377,17.2599,13.6914203,16.7113282,56.9514978,41.0258639
2020-10-05,"US_IN",0.6734184,0.7220127,0.6201135,0.7462795,0.8579779,1.0047422,0.6888026,1.0818156,25.4208781,24.9098361,20.707075,19.991803,84.348183,NA,12.4233721,41.1723737,60.2524739,25.0503597,46.8406709,18.8555176,1.6648585,8.5090977,11.3390953,6.6542317,17.283184,13.9167915,16.5900619,58.0821116,41.2186744
2020-10-06,"US_IN",0.6443556,0.6773719,0.5278055,0.6758422,0.6467011,0.7341901,0.460762,0.7170573,27.4396928,25.2919267,22.4029567,20.2967905,84.7799482,NA,11.9733782,40.524632,60.729614,24.9388444,46.3215338,18.621909,1.7207068,8.6703859,9.9164697,6.8282035,17.5956207,14.0297137,16.4007632,58.894805,41.792464
2020-10-07,"US_IN",0.5321082,0.6328367,0.507282,0.6115207,0.4500381,0.675894,0.4341417,0.6141195,28.8359575,25.7984704,22.3809358,20.5605266,84.7722006,NA,11.5608396,39.9654103,61.0275594,24.8307767,45.7725572,18.6324713,1.8278876,9.0203779,9.1733852,6.5232652,17.6916401,14.1049887,16.410823,58.7772652,41.8241766
2020-10-08,"US_IN",0.648551,0.6506245,0.648551,0.6292183,0.8078251,0.7206871,0.8078251,0.6590144,25.660141,26.005772,21.182538,20.8607173,85.0205344,NA,11.9936735,40.1344726,60.7871485,25.3135111,46.1625867,18.8623738,1.8205136,9.1359826,9.5381469,6.942754,17.6987322,14.2943345,16.3270546,58.9815302,41.9908873
2020-10-09,"US_IN",0.9955827,0.6902945,0.9955827,0.6661583,1.1797094,0.7834159,1.1797094,0.734667,27.9877932,26.5766489,22.7438952,21.4020063,84.9479873,NA,11.9983245,39.9558132,61.0349151,25.6287363,46.2048663,18.770011,1.8670929,9.4023229,10.1980158,7.014913,17.2422686,13.9626277,16.3955848,59.1407956,41.8778031
2020-10-10,"US_IN",0.5110058,0.7062492,0.4520436,0.6742864,0.3866261,0.7790511,0.3409361,0.7242879,25.3424561,26.7375746,20.1120746,21.5086056,84.9842559,NA,12.5615066,39.6610049,60.7531996,25.6864747,45.9963212,19.1056975,1.9711622,9.4670282,9.7440729,7.4825794,17.279975,13.8776562,16.8514507,59.2186914,41.673852
2020-10-11,"US_IN",0.7481596,0.6745842,0.7481596,0.6367176,0.6338318,0.7048207,0.6338318,0.6453784,26.0612831,26.7037278,21.5516158,21.5801534,84.797347,NA,12.6213355,40.2240343,60.716001,26.2180913,46.0363267,19.5441404,2.1071612,9.3207787,9.713681,7.1272163,17.1658734,14.0380627,16.5828363,58.8043826,40.7885386
2020-10-12,"US_IN",0.6270627,0.6679569,0.7004034,0.6482814,0.739081,0.6877709,0.8876468,0.6737188,27.1929973,26.9641688,22.0468096,21.7764675,84.8830897,NA,13.0135185,40.0771268,60.3006318,26.1016832,46.4352999,19.1769351,2.2269437,9.0916503,9.9999811,7.6196619,17.2385849,13.9814969,16.4612902,58.7080357,40.4765985
2020-10-13,"US_IN",0.4845774,0.6459299,0.4275683,0.6365653,0.5597713,0.6763186,0.5082633,0.6817703,30.0476784,27.3260893,26.1050407,22.2911777,84.8309561,NA,13.0594226,39.9759503,59.510426,26.2038481,46.60509,19.3178451,2.1749589,8.9510682,12.3093545,7.4202489,16.9851097,14.0999955,16.5006194,58.3122763,39.1394101
2020-10-14,"US_IN",0.8092595,0.6886628,0.6425928,0.6587167,0.8994442,0.7409732,0.6642983,0.7147676,26.7814767,26.9996716,24.1686486,22.5501816,84.5558195,NA,13.7179121,40.4132111,59.2274932,26.7270846,47.125533,19.2144679,2.3272914,8.8521921,12.8571294,7.5005237,16.2935151,13.4677007,16.4292155,58.3932047,38.7276907
2020-10-15,"US_IN",0.3994028,0.6523375,0.5113848,0.6386654,0.3480061,0.6749155,0.7938255,0.7127377,29.5034262,27.5775574,23.7297548,22.9336031,84.4463355,NA,13.7353189,39.9852474,59.5390182,26.2549084,46.2023664,18.7746362,2.4196184,8.6118139,13.1460479,7.2133161,16.7161951,13.7098597,16.9171222,58.5886105,39.1259826
2020-10-16,"US_IN",1.1572889,0.6684689,1.0294116,0.6379596,1.22263,0.6862966,1.0742859,0.7013727,31.1907984,27.9877136,26.7253045,23.4533965,84.4206552,NA,13.8649804,40.0582429,59.6588872,26.0815131,45.8984434,18.9601009,2.3876848,8.6515009,13.0289532,7.449107,16.9831127,14.1106363,16.7078417,58.0516106,39.1898854
2020-10-17,"US_IN",0.4022435,0.656892,0.4022435,0.6343698,1.002904,0.780765,1.002904,0.8019194,29.3914417,28.5472567,24.9654288,24.1265303,84.5334296,NA,13.6364143,39.9003629,59.9645131,26.152653,45.6425765,18.6370937,2.4404637,8.6722979,13.5650357,7.2878555,16.8790764,13.8697003,16.6954697,58.4152401,39.0029596
2020-10-18,"US_IN",1.2257599,0.7307132,1.1233083,0.6931299,1.4304832,0.8935995,1.3107224,0.8978398,31.4139062,29.3127334,27.5370624,24.9869043,84.6960059,NA,13.4509916,39.464546,59.2091798,25.7045562,45.2668807,18.2775224,2.2795065,8.863719,14.5788395,7.369391,17.1597476,13.8905045,17.0793744,59.2954319,39.7309582
2020-10-19,"US_IN",0.6493274,0.7336077,0.6758667,0.6893579,0.8123867,0.9147322,0.8322652,0.900296,30.4851464,29.8098383,25.4134838,25.4883195,84.7883331,NA,13.2781268,39.4806374,58.7056423,25.3008877,45.0370597,18.2440293,2.1516888,9.324512,13.5330673,7.4597349,17.50516,14.0484675,17.09857,59.8762155,39.7582308
2020-10-20,"US_IN",0.8432111,0.785161,0.9498462,0.7638821,0.7806753,0.94545,0.8718655,0.951266,31.2105879,29.9686471,26.4186574,25.5269121,85.1890227,NA,13.4925142,39.6137175,58.927375,25.0745976,44.7032434,17.7470344,2.1634616,9.8203598,12.1541555,7.47383,17.8644847,14.4565756,17.3736655,60.614203,40.4501712
2020-10-21,"US_IN",1.4517981,0.8763762,1.5399243,0.8925357,1.3361862,1.0078054,1.4060488,1.0574316,31.9377162,30.7159455,26.5627303,25.8729927,85.7539139,NA,13.7303843,39.3865769,58.6243983,24.7283809,43.8993614,17.4243807,2.0976091,10.1357297,12.3326818,7.4789214,17.9867445,15.0028394,17.4637671,61.1194411,40.806186
2020-10-22,"US_IN",1.1400244,0.9847032,1.1400244,0.9841379,1.9994962,1.2434333,1.9994962,1.2292359,32.3491084,31.1260459,28.0184031,26.4969152,85.9930029,NA,13.5091994,39.5200758,59.0045509,24.4954869,44.0986748,17.4071655,2.1112438,10.5249247,13.4758239,7.86685,17.9489476,14.9419593,17.3024564,61.5391964,40.9133919
2020-10-23,"US_IN",1.5226414,1.0291427,1.363695,1.0257228,1.8854383,1.3344021,1.6954473,1.3155879,32.9741619,31.3491071,28.0891052,26.6661126,86.2119279,NA,13.6982387,39.1263352,58.5484479,24.5255435,44.2725099,17.0371079,2.2482482,10.6111907,13.6534574,7.6899743,17.8702282,14.6491106,17.3162934,62.1453263,41.0273452
2020-10-24,"US_IN",0.5019121,1.0420785,0.5458296,1.0443585,0.5282943,1.2649046,0.5596957,1.2501361,28.7794692,31.2703118,24.6185919,26.6216684,86.1181632,NA,13.609636,39.0921476,58.3603885,24.3716795,44.0160564,16.9345263,2.1969579,10.9001771,13.8786555,7.6385976,18.2179354,15.2288604,17.2828428,61.8740307,41.1465263
2020-10-25,"US_IN",0.8501251,0.9862869,1.2279585,1.0572454,1.0647087,1.2129014,1.6810718,1.3028563,30.9395641,31.2015892,27.3154203,26.5688898,85.8562422,NA,13.5966582,39.2969278,58.1036143,24.4330149,43.4141536,16.7742521,2.2766929,11.1080752,14.5337999,7.7950167,17.7572695,15.2186893,17.0312935,61.2861825,40.8108973
2020-10-26,"US_IN",0.5207774,0.9763662,0.5207774,1.0446422,0.4794594,1.1561231,0.4794594,1.243994,31.9105377,31.4250636,28.1165138,26.986131,85.9999971,NA,13.5034937,39.0896091,58.5852176,24.4768421,43.3822166,16.7501314,2.3698808,11.128757,15.6771585,7.355742,17.1536392,14.8396974,16.90824,61.5298609,41.3258887
2020-10-27,"US_IN",1.4443217,1.0553681,1.4443217,1.1091701,1.7917888,1.3176536,1.7917888,1.392181,33.2552963,31.6889107,29.3612491,27.3735059,85.6546914,NA,13.5059647,39.1644879,58.1796023,24.465132,43.2036293,16.829571,2.40686,10.977238,16.9940898,7.3274706,17.2075578,14.7906682,17.196809,62.0049842,41.1794782
2020-10-28,"US_IN",0.9837404,0.981804,0.9837404,1.0235908,0.940382,1.2601563,0.940382,1.3245673,31.7637033,31.6570864,29.0239754,27.7037997,85.9737058,NA,12.8147103,38.7292543,57.8769591,24.3443863,43.4149952,16.6313125,2.2271503,10.8170613,18.5775041,7.291176,17.6386603,14.4427076,17.1996235,62.4373165,40.3106428
2020-10-29,"US_IN",0.7674566,0.9334541,0.7674566,0.9778162,0.9533418,1.1308193,0.9533418,1.1953299,33.2969505,31.7059587,29.3668238,27.8178097,86.1467262,NA,12.7832408,38.2702069,56.9805379,24.2476961,42.8147785,16.7144288,2.1187291,10.7746582,17.4768629,7.0943351,17.5338096,14.0647013,16.8673027,62.349194,39.5582442
2020-10-30,"US_IN",0.7158941,0.8182253,0.7158941,0.8907355,1.011675,1.0128178,1.011675,1.1049839,34.8411077,31.7990854,30.4401318,28.0237542,86.3682602,NA,12.6039094,38.1361342,57.3836194,23.9125705,41.9639344,16.9747663,1.9247483,10.5101344,18.9223071,7.0195662,18.0694025,14.2190073,17.6002784,62.7506162,39.3995163
2020-10-31,"US_IN",0.7128534,0.8528685,0.5603585,0.8926967,0.9596488,1.0736512,0.8020011,1.1398644,34.641754,32.786264,29.4075985,28.8291054,86.7029542,NA,12.2382415,37.7823236,57.2219739,23.1863343,41.1273597,16.7354278,1.8353577,10.741067,20.8937238,7.1741193,18.2213599,14.0255799,17.9954277,63.0235494,39.2144077
2020-11-01,"US_IN",1.3686892,0.9453517,1.3686892,0.9201869,1.4313167,1.1269109,1.4313167,1.1048085,30.9615485,32.7753004,26.2179533,28.6192235,86.9897547,NA,12.0207931,36.9527295,57.4401497,21.9861633,41.3953639,16.4006728,1.8222967,10.6457305,19.8780683,7.2724794,19.192757,14.0213307,18.0044319,63.4863414,39.9047301
2020-11-02,"US_IN",1.2377732,1.0722646,1.2659899,1.0528483,1.5339583,1.2771606,1.6267216,1.2680569,37.2770288,33.7730773,32.6397025,29.4654611,86.8440632,NA,11.5657256,37.6005561,56.3850008,21.5268603,40.71374,16.61371,1.641252,11.0803442,19.3208521,7.6352125,20.2829827,14.6349992,18.620729,63.2693637,39.9688246
2020-11-03,"US_IN",1.4552251,1.073415,1.5348272,1.0652867,1.6096002,1.2323803,1.3920303,1.1924077,40.1441988,34.7486191,35.1762461,30.2875694,86.9495845,NA,11.059918,37.4363717,56.5627922,21.6178703,40.9987542,16.6136496,1.7493635,11.494118,20.9750435,7.5803567,20.3865552,14.2210488,18.4854079,62.7528338,40.5031077
2020-11-04,"US_IN",1.2436799,1.099453,1.3833444,1.1020694,1.3163462,1.2846073,1.4392161,1.2550954,41.666652,35.7330846,35.5262827,30.8936021,86.437364,NA,11.199164,37.3962753,57.0195538,21.4509789,40.9845692,17.1002409,1.8277655,11.7778148,20.823502,7.7637219,21.3970692,14.7641116,18.9439078,63.0612715,41.3929925
2020-11-05,"US_IN",1.0492429,1.132664,1.0492429,1.1353197,0.6912706,1.2146826,0.6912706,1.1850067,40.8537372,36.5123419,35.7317822,31.5438485,86.1585682,NA,10.7454612,37.912573,56.7607864,21.38628,41.1222714,17.0839914,1.7414085,12.2461005,21.8325586,7.7060917,22.0036634,14.7769188,19.0621359,62.7617146,42.5339676
2020-11-06,"US_IN",1.3638556,1.2071898,1.5092044,1.2312867,1.4766096,1.2736314,1.8043139,1.2913681,45.6856813,38.0325055,39.8305086,32.8790443,86.1497594,NA,10.4121913,38.3146088,56.247327,21.4609256,41.8968818,16.6918361,1.7155798,12.6867168,22.5571799,7.9533517,22.6421785,14.4240126,18.2401428,62.232918,43.5627362
2020-11-07,"US_IN",0.9129209,1.2719078,1.1470031,1.345675,1.042874,1.3332162,1.2924457,1.4012425,44.1963725,39.1725346,39.4344706,34.0668973,85.8753056,NA,10.4765752,38.8284017,55.6804731,21.4792888,42.7810556,16.7218986,1.692308,12.7978966,23.1034625,8.1582818,23.5382594,14.2797622,17.6869624,62.1025054,45.1063294
2020-11-08,"US_IN",1.0185187,1.2224294,1.0956793,1.3125077,1.0953433,1.2777442,1.1709167,1.3549693,41.8689078,41.2555354,34.8300728,35.8508766,86.0999554,NA,10.2945528,40.5613514,55.2610926,21.8407305,41.9451686,16.1227254,1.9712793,13.2465582,24.8762437,8.1206204,24.4460933,14.2528133,17.8735588,62.2225369,45.6672631
2020-11-09,"US_IN",2.1095805,1.3967567,2.1546832,1.4926916,1.9783726,1.3381427,2.0495177,1.4133863,46.58428,43.2850862,39.4622005,37.3516541,86.4747439,NA,10.7242318,40.22539,55.6476112,22.0065136,42.6419152,15.3271765,2.104261,13.5508397,26.9900833,8.0392677,24.115549,13.9769076,18.1133499,61.9599871,46.8917207
2020-11-10,"US_IN",1.4814125,1.4080729,1.4897538,1.4849236,1.73723,1.3562587,1.771848,1.4674612,41.1668869,43.2801745,36.1347944,37.4103268,87.0771408,NA,10.8035838,40.9294711,55.4074253,21.766758,42.2751977,14.9638641,1.8315443,13.4584735,23.5499236,8.568341,24.2773058,13.708925,17.085758,61.6597371,47.4042947
2020-11-11,"US_IN",1.715583,1.4881108,1.7285658,1.5461455,1.8560413,1.4372801,1.8795898,1.5407264,44.6016281,43.694269,39.3605622,37.9826064,88.043467,NA,10.5772127,41.3178054,54.325078,20.9846231,41.5955517,14.0644966,1.8047773,13.968397,22.6834345,8.7192204,22.9119136,12.8658332,16.3865178,61.6018819,47.5947164
2020-11-12,"US_IN",1.845558,1.5930589,1.845558,1.6449125,1.8642787,1.6172195,1.8642787,1.7199887,45.1425548,44.2103745,39.2291602,38.4106329,87.8319525,NA,10.6190361,41.0591617,54.265273,21.3645147,41.1928218,13.7309082,1.8415964,14.1234088,25.304374,9.2120596,22.1810091,13.0479211,16.5867258,61.9831436,47.3009094
2020-11-13,"US_IN",2.1852694,1.7186509,2.2303652,1.7575737,2.4703448,1.7605755,2.5083266,1.8218092,45.2637813,44.1948942,40.1078921,38.5075173,88.1876594,NA,10.4308639,40.8439165,53.8977912,20.6747709,40.2924078,13.2469173,1.8661438,14.1706763,25.042167,9.1748159,21.5593998,13.4359499,17.0842203,63.5131712,47.7061193
2020-11-14,"US_IN",1.6472386,1.755171,1.5406288,1.7598775,1.327911,1.7417507,1.1955575,1.7561146,46.2018768,44.5083859,42.006866,38.999097,88.5145874,NA,10.1898488,40.7490531,53.7037207,20.4202091,39.0716527,12.7968752,1.8518429,13.906389,24.1835378,9.4500155,21.1049576,13.4807578,17.6817847,64.221693,47.2846192
2020-11-15,"US_IN",1.424369,1.7476207,1.4019475,1.7431452,1.1878425,1.7584923,1.1750123,1.7621282,50.3438113,45.6326741,44.0569768,40.0975702,88.8216084,NA,9.9048875,39.6554425,53.7962537,19.8762057,38.3428501,12.477627,1.7228425,14.5094981,24.4310941,9.4057434,20.7531827,13.5278966,17.8635638,65.2036407,48.1203689
2020-11-16,"US_IN",1.399189,1.6583936,1.3502174,1.6421685,1.2619645,1.6602952,1.1750948,1.6405117,49.3664622,46.075253,44.5090156,40.806444,89.0445429,NA,9.5773027,39.3715867,53.743186,19.188391,37.6109724,11.7878664,1.6532983,14.4746616,24.0335309,9.4401796,20.6450939,13.2725547,17.7416301,65.7862316,48.5740735
2020-11-17,"US_IN",1.8118814,1.7058259,1.8613769,1.6955806,2.0919342,1.710881,2.1082121,1.6885242,48.3333978,47.1026896,43.7097527,41.8921204,89.2153354,NA,9.4124592,38.5522456,53.1870916,18.7008921,36.2226805,11.1833719,1.5792408,14.7547039,26.2202944,9.4263718,20.4467616,13.2771677,18.1478066,66.5138293,48.478928
2020-11-18,"US_IN",2.474337,1.8235352,2.4834694,1.8129167,2.3471776,1.7800098,2.3529363,1.7550239,47.9702768,47.5998364,40.6435724,42.0679928,89.0938935,NA,9.1142032,38.0962538,53.1988765,18.2661213,34.9540064,10.7360315,1.4224981,14.7441517,26.2594558,9.7697032,20.9537554,13.7273433,18.5891753,66.9902004,49.1220725
2020-11-19,"US_IN",1.8376422,1.8224449,1.877207,1.8174979,1.7231943,1.7599545,1.8005134,1.7458876,47.6570982,47.963098,42.2257889,42.5007893,89.7900715,NA,8.8269399,38.1251812,52.9598883,17.003403,34.2116506,10.1653077,1.4198855,15.0657206,25.0307688,9.8257086,21.091613,13.9637178,18.9079118,67.922409,49.6955987
2020-11-20,"US_IN",2.2724343,1.8434325,2.3040899,1.8376785,2.3787865,1.746957,2.395408,1.7298718,50.257727,48.6323085,42.6288643,42.8176664,90.1017786,NA,8.6098616,37.8865247,52.9472765,16.5309272,33.6209295,9.808119,1.3459374,15.5570102,24.3039732,10.2306388,21.0678785,13.8478257,19.0191695,67.5950813,50.0822431
2020-11-21,"US_IN",2.0662346,1.9002156,2.0980413,1.9126809,2.5182016,1.9277947,2.5338366,1.9320579,49.7428034,49.1076835,42.1296323,42.8245038,90.3929685,NA,8.7551402,37.8229568,53.2975426,15.9709035,33.8251238,9.6070205,1.4073948,15.9910816,24.5545796,10.4083649,21.1931784,14.4045401,18.8892532,67.6878542,50.4922709
2020-11-22,"US_IN",1.847741,1.9643201,1.9741098,1.9994223,1.651736,1.9954173,1.7362026,2.0135411,48.7934516,48.874685,42.9054054,42.6522702,90.4954454,NA,8.7531297,37.819296,53.5530077,16.1481044,33.8790675,9.1915835,1.3926618,15.6397685,23.6516934,10.9039218,21.1103876,14.3240996,18.6663358,67.2681091,50.3188284
2020-11-23,"US_IN",1.2209273,1.9407616,1.2209273,1.9827266,1.1208509,1.9771695,1.1208509,2.0079849,45.9444815,48.4015982,40.074683,42.0374298,90.9053219,NA,8.5300972,37.9763305,53.3546713,16.0383857,33.4580766,8.9752408,1.3949347,15.70443,23.4198725,11.1982619,21.151674,14.5711001,18.7499927,66.920418,50.3664203
2020-11-24,"US_IN",1.5724883,1.9087215,1.5724883,1.9439734,2.0375317,1.9692238,2.0375317,1.9977893,49.5130031,48.5623715,43.8853173,42.0598697,91.1745212,75.837632,8.3359311,38.1293596,53.6157886,15.4250278,33.6949006,8.6573993,1.4940619,15.7610941,22.0904281,11.6028165,20.909946,14.3451313,18.8837977,67.3306952,51.4001607
2020-11-25,"US_IN",1.2612872,1.7310491,1.4297184,1.7892623,1.333165,1.82409,1.445617,1.8679593,47.0557912,48.4347224,41.270669,42.1587589,91.1759747,74.3840384,8.5174699,38.0517087,54.2898498,15.4887943,34.1605788,8.6415599,1.6293124,15.7738869,22.5000433,11.214049,20.6004602,14.3171797,18.8430615,67.7055767,51.2822554
2020-11-26,"US_IN",1.7628789,1.7201378,1.7267647,1.7688562,1.9102814,1.8506921,1.8784838,1.8790884,46.3286992,48.2730197,41.200469,42.025833,91.1852188,74.9121719,8.5232675,37.6270101,54.4676536,15.372308,34.6346412,8.6499794,1.6771037,15.8236946,22.094331,11.1899636,20.2981248,13.8035799,18.6759782,67.4975048,50.7135977
2020-11-27,"US_IN",1.3256069,1.5835462,1.3256069,1.6280021,1.3479027,1.7026479,1.3479027,1.7286641,46.1409422,47.6910293,39.5413717,41.5995761,90.9067969,74.2861714,8.645835,35.9559324,53.3759173,15.0547538,36.1524315,9.3557166,1.7055007,15.6517042,23.038708,11.104243,19.841896,13.4903458,18.6687673,67.2655757,50.4296287
2020-11-28,"US_IN",2.1614046,1.5958811,2.1892249,1.639798,2.3637746,1.6821295,2.3842,1.7088227,47.960292,47.4265389,40.8472974,41.411607,90.8320628,74.8237902,8.9787077,34.1475488,52.7453162,14.8317722,37.1321912,9.8761221,1.6119932,15.3669543,24.1935837,11.1062005,19.7160949,13.1609753,18.6495919,67.0569401,50.1467966
2020-11-29,"US_IN",1.1230814,1.4842449,1.1230814,1.508399,0.9646754,1.5853906,0.9646754,1.6000725,47.0617808,47.1540414,42.299862,41.3086814,90.8867337,74.8133038,9.0753194,33.6430761,52.5109938,14.4914245,37.9415497,10.4341085,1.5250376,15.3001696,23.8444554,10.7206355,19.7226344,13.2910391,19.2262157,67.0105815,50.0991426
2020-11-30,"US_IN",1.3933682,1.5084402,1.4208644,1.5365282,1.5279144,1.6432875,1.5391387,1.6595635,42.6425151,46.6620934,37.3575761,40.9028483,90.781513,74.7817449,9.322632,32.9636642,52.3167143,14.1757259,37.9078682,10.5735239,1.5185748,15.3634822,23.4615656,10.5072302,19.5688456,13.1410747,19.0119431,67.6336115,49.8767344
2020-12-01,"US_IN",0.9920286,1.4188489,1.0097434,1.4491713,0.9806428,1.4929962,0.9939683,1.5111228,49.474216,46.7081701,43.1644729,40.8443388,91.2606019,74.8485407,9.5753643,32.7906064,52.0091552,14.1402212,37.473996,10.5237617,1.4756784,15.4075946,24.0918962,10.1095141,19.6318933,13.629614,19.202828,68.4057571,49.3712403
2020-12-02,"US_IN",1.625039,1.4725765,1.6703677,1.4854622,2.2802158,1.6273747,2.3058976,1.6330578,48.7391084,46.9692606,42.7255231,41.0711718,91.5633853,75.2500677,9.7745307,32.2139354,51.085046,14.0296581,37.0484479,10.4175174,1.3803004,15.5647161,24.1579183,10.4209811,19.5324137,13.623724,19.4816676,68.4698294,48.8741129
2020-12-03,"US_IN",1.3471128,1.4181472,1.4836006,1.4553169,1.4515242,1.5623937,1.5443618,1.5858085,45.405141,46.8191827,39.4762843,40.8206329,91.5228394,74.9957931,9.8686546,32.2045921,50.6168914,14.208111,36.1069772,10.238691,1.4147737,15.1216891,24.3837351,10.3816252,20.151863,14.575695,20.1003651,68.4315123,49.5257663
2020-12-04,"US_IN",1.9396323,1.4975305,1.9256422,1.5330977,2.2305649,1.6869346,2.1989793,1.7059755,46.1407891,46.8191626,39.7649694,40.8496661,91.824679,75.6321974,9.8649749,33.1962207,51.4896629,14.4984949,34.3960531,9.605001,1.4491729,14.7892066,24.1436681,10.2410427,20.6904927,15.1444775,20.6976042,69.0243185,49.3048434
2020-12-05,"US_IN",1.0705669,1.3470504,1.1376194,1.387997,1.4533327,1.5544389,1.5073327,1.5782234,45.0741764,46.4207657,39.8834957,40.7172932,91.8134953,75.6587024,9.3551647,34.3441244,52.1748396,14.568395,33.3175677,9.0166022,1.479124,14.9058761,21.4129448,9.6738537,20.5033958,14.8605418,20.9900759,69.5343292,49.6882629
2020-12-06,"US_IN",1.2281284,1.3620477,1.2281284,1.4029501,1.0480148,1.5649135,1.0480148,1.5886416,47.554875,46.4938922,41.2674492,40.5705545,92.0372013,76.2761807,9.1409806,34.5364417,51.9565987,14.8225439,32.55295,8.5346058,1.4910219,15.0077891,21.5376344,9.7455955,20.2679544,14.6599527,20.8963073,69.9250737,49.6185514
2020-12-07,"US_IN",1.1655322,1.3295911,1.0713749,1.3530702,1.3703948,1.5422466,1.1583228,1.5337927,44.712673,46.7812183,38.5525411,40.7351176,92.0840811,76.3881744,8.8670956,34.3892514,52.1725245,15.1398849,32.7481851,8.4005879,1.4864094,14.8732602,21.8612541,9.5999643,20.0825791,14.854363,21.1754081,70.1394354,49.2261308
2020-12-08,"US_IN",1.5178089,1.4077333,1.5869069,1.4384176,1.9461289,1.6816541,1.9817408,1.6764484,47.1294375,46.416513,41.2839389,40.4391369,91.8199788,76.0297924,8.3476619,34.2648035,52.234307,15.4071914,32.9529773,8.3287675,1.5236379,14.5332685,22.0387358,9.5274635,20.0300107,15.0136129,21.3105132,69.5101952,48.8768289
2020-12-09,"US_IN",1.8806027,1.4396877,1.8001198,1.4528011,2.1539396,1.6635775,2.0665098,1.6423058,45.970288,45.9976192,40.6680739,40.1205272,91.6845035,76.0158985,8.0364112,34.5748369,52.7743821,15.6679045,32.9796162,8.4685777,1.574419,14.1410208,22.467219,9.2485353,20.2734773,15.1202211,21.6244396,69.43355,49.1020307
2020-12-10,"US_IN",1.6130046,1.4775397,1.6653058,1.4767646,2.1651281,1.7654668,2.1923286,1.7346451,49.943356,46.6166035,43.8208886,40.7146237,91.6946174,76.0764023,7.8575976,34.7367685,53.2055694,15.9849903,33.4772245,8.5975056,1.4930633,14.1827439,22.2424283,8.9743904,20.1555663,14.4721256,21.5602824,70.090397,48.6901948
2020-12-11,"US_IN",1.0673562,1.3612888,1.1489619,1.3730731,1.565587,1.671722,1.6836912,1.6621694,45.8623124,46.582766,40.1513794,40.7704174,91.543759,76.0265445,7.8026158,35.4593322,53.6050315,16.1476008,34.0087897,8.5537499,1.5287221,14.2973904,21.8301451,8.8009481,20.2567513,14.4173065,21.1781037,69.6758358,48.94325
2020-12-12,"US_IN",1.2695794,1.3913521,1.2964622,1.3971084,1.6222517,1.6957978,1.6368196,1.68061,43.8442825,46.4384934,39.1985253,40.6906663,91.5672071,76.4783075,7.7513485,35.8489087,53.2303188,16.5107715,34.2661377,8.6546691,1.4748172,14.0521119,23.3003745,8.8526428,20.1351355,14.5163674,20.9488859,69.7320961,48.7665251
2020-12-13,"US_IN",1.2754367,1.3999605,1.2754367,1.4057772,1.5330068,1.7645676,1.5330068,1.7494313,43.4053993,45.8248547,38.7567609,40.3205655,91.5537849,76.3869052,7.7479859,35.9333898,53.2205149,16.232889,34.2613707,8.7452605,1.5338717,14.0103369,23.9076285,8.6906429,20.1940495,14.8682958,21.178143,69.521086,48.3112844
2020-12-14,"US_IN",0.9834502,1.3510515,0.9604775,1.3657318,0.9133869,1.6983347,0.889534,1.7102012,44.5555638,45.7317706,39.2222426,40.3559113,91.6544689,76.6677978,7.9876875,36.0740298,53.0412201,16.0520023,33.7209063,8.6349208,1.5618502,13.9012883,24.9407642,8.7702939,20.18103,14.8740583,21.1606872,69.2720241,48.3575969
2020-12-15,"US_IN",1.7150269,1.3865029,1.7150269,1.3914301,1.8030877,1.6779099,1.8030877,1.6846347,41.3302445,44.8427917,35.4586919,39.4538379,91.7659252,77.4584925,8.116226,36.3092556,52.9961524,16.06207,33.9177608,8.8472388,1.592096,14.1356248,23.8933193,8.9892341,20.1425649,14.6773473,20.8432376,69.2886165,47.998402
2020-12-16,"US_IN",1.4653235,1.3328178,1.6785977,1.3792239,1.5689213,1.5950288,1.8428071,1.6531132,42.9485627,44.4149196,37.0314216,38.9374401,92.0310377,77.6324366,7.8806739,36.1328338,52.3333667,15.8226425,33.6935048,8.6371424,1.6372737,14.2071302,24.3646322,9.1184663,19.9488033,14.78771,20.885049,68.8429267,47.6609823
2020-12-17,"US_IN",1.0538449,1.2596754,1.174156,1.3154131,1.4374979,1.4919023,1.5916161,1.5679134,46.110135,43.9554684,41.0271611,38.6125103,91.9612455,78.1165992,8.013532,36.0542693,52.4849677,16.0831576,33.4841352,8.7660565,1.6850186,14.1175347,24.343539,9.2196796,19.7996094,14.9231486,20.9476911,67.9479511,47.6236476
2020-12-18,"US_IN",1.3391161,1.2924909,1.3794821,1.3432445,1.6867659,1.5084762,1.7057581,1.5704984,43.1134227,43.6207752,36.9791722,38.225714,92.0975298,78.3417835,8.1290355,35.4308454,52.4554987,16.1406716,32.9819385,8.7545796,1.604239,14.1431304,25.4098253,8.9560627,19.4172404,14.7478559,20.9534651,68.1430844,47.3058261
2020-12-19,"US_IN",0.9978442,1.2586389,1.0433599,1.3116407,NA,NA,NA,NA,41.8173538,43.3681613,35.7225629,37.7945882,92.1956905,78.4296813,8.1414873,34.9504073,52.6965456,16.0943078,32.7435524,8.65108,1.6779784,14.3220018,25.0267926,8.9178591,19.6306336,14.6399758,21.011557,67.9507095,46.8387567
2020-12-20,"US_IN",NA,NA,NA,NA,NA,NA,NA,NA,NA,NA,NA,NA,NA,NA,NA,NA,NA,NA,NA,NA,NA,NA,NA,NA,NA,NA,NA,NA,NA
